[
  {
    "name": "Hongjoong",
    "group": "Ritsuka",
    "single": "BDAY23",
    "category": "bday",
    "description": "**Maira** :: BDAY23",
    "emoji": "🐈",
    "globalID": "2207",
    "setID": "230",
    "rarity": 20,
    "price": 10,
    "sellPrice": 10,
    "stats": {
      "level": 1,
      "xp": 0,
      "xp_for_next_level": 100,
      "ability": 100,
      "reputation": 100
    },
    "imageURL": "https://cdn.discordapp.com/attachments/906261481274867723/1087028722034552953/bday_hongjoong.png"
  },
  {
    "name": "The8",
    "group": "Ritsuka",
    "single": "BDAY23",
    "category": "bday",
    "description": "**Ritsuka** :: BDAY23",
    "emoji": "🐈",
    "globalID": "2208",
    "setID": "230",
    "rarity": 20,
    "price": 10,
    "sellPrice": 10,
    "stats": {
      "level": 1,
      "xp": 0,
      "xp_for_next_level": 100,
      "ability": 100,
      "reputation": 100
    },
    "imageURL": "https://cdn.discordapp.com/attachments/906261481274867723/1087028722382688286/bday_the8.png"
  },
  {
    "name": "Wonhyuk",
    "group": "Ritsuka",
    "single": "BDAY23",
    "category": "bday",
    "description": "**Ritsuka** :: BDAY23",
    "emoji": "🐈",
    "globalID": "2209",
    "setID": "230",
    "rarity": 20,
    "price": 10,
    "sellPrice": 10,
    "stats": {
      "level": 1,
      "xp": 0,
      "xp_for_next_level": 100,
      "ability": 100,
      "reputation": 100
    },
    "imageURL": "https://cdn.discordapp.com/attachments/906261481274867723/1087028722810499152/bday_wonhyuk.png"
  },
  {
    "name": "Jinyoung",
    "group": "Ritsuka",
    "single": "BDAY23",
    "category": "bday",
    "description": "**Ritsuka** :: BDAY23",
    "emoji": "🐈",
    "globalID": "2214",
    "setID": "230",
    "rarity": 20,
    "price": 10,
    "sellPrice": 10,
    "stats": {
      "level": 1,
      "xp": 0,
      "xp_for_next_level": 100,
      "ability": 100,
      "reputation": 100
    },
    "imageURL": "https://cdn.discordapp.com/attachments/906261481274867723/1087028724953788496/bday_jinyoung.png"
  },
  {
    "name": "Hyunsuk",
    "group": "Ritsuka",
    "single": "BDAY23",
    "category": "bday",
    "description": "**Ritsuka** :: BDAY23",
    "emoji": "🐈",
    "globalID": "2211",
    "setID": "230",
    "rarity": 20,
    "price": 10,
    "sellPrice": 10,
    "stats": {
      "level": 1,
      "xp": 0,
      "xp_for_next_level": 100,
      "ability": 100,
      "reputation": 100
    },
    "imageURL": "https://cdn.discordapp.com/attachments/906261481274867723/1087028723661951026/bday_hyunsuk.png"
  },
  {
    "name": "Ravn",
    "group": "Ritsuka",
    "single": "BDAY23",
    "category": "bday",
    "description": "**Ritsuka** :: BDAY23",
    "emoji": "🐈",
    "globalID": "2212",
    "setID": "230",
    "rarity": 20,
    "price": 10,
    "sellPrice": 10,
    "stats": {
      "level": 1,
      "xp": 0,
      "xp_for_next_level": 100,
      "ability": 100,
      "reputation": 100
    },
    "imageURL": "https://cdn.discordapp.com/attachments/906261481274867723/1087028724093956277/bday_ravn.png"
  },
  {
    "name": "Seokhwa",
    "group": "Ritsuka",
    "single": "BDAY23",
    "category": "bday",
    "description": "**Ritsuka** :: BDAY23",
    "emoji": "🐈",
    "globalID": "2215",
    "setID": "230",
    "rarity": 20,
    "price": 10,
    "sellPrice": 10,
    "stats": {
      "level": 1,
      "xp": 0,
      "xp_for_next_level": 100,
      "ability": 100,
      "reputation": 100
    },
    "imageURL": "https://cdn.discordapp.com/attachments/906261481274867723/1087028725348044991/bday_seokhwa.png"
  },
  {
    "name": "Seonghwa",
    "group": "Ritsuka",
    "single": "BDAY23",
    "category": "bday",
    "description": "**Maira** :: BDAY23",
    "emoji": "🐈",
    "globalID": "2206",
    "setID": "230",
    "rarity": 20,
    "price": 10,
    "sellPrice": 10,
    "stats": {
      "level": 1,
      "xp": 0,
      "xp_for_next_level": 100,
      "ability": 100,
      "reputation": 100
    },
    "imageURL": "https://cdn.discordapp.com/attachments/906261481274867723/1087028721740959814/bday_seonghwa.png"
  },
  {
    "name": "Theo",
    "group": "Ritsuka",
    "single": "BDAY23",
    "category": "bday",
    "description": "**Ritsuka** :: BDAY23",
    "emoji": "🐈",
    "globalID": "2210",
    "setID": "230",
    "rarity": 20,
    "price": 10,
    "sellPrice": 10,
    "stats": {
      "level": 1,
      "xp": 0,
      "xp_for_next_level": 100,
      "ability": 100,
      "reputation": 100
    },
    "imageURL": "https://cdn.discordapp.com/attachments/906261481274867723/1087028723330584707/bday_theo.png"
  },
  {
    "name": "Sunoo",
    "group": "Ritsuka",
    "single": "BDAY23",
    "category": "bday",
    "description": "**Ritsuka** :: BDAY23",
    "emoji": "🐈",
    "globalID": "2213",
    "setID": "230",
    "rarity": 20,
    "price": 10,
    "sellPrice": 10,
    "stats": {
      "level": 1,
      "xp": 0,
      "xp_for_next_level": 100,
      "ability": 100,
      "reputation": 100
    },
    "imageURL": "https://cdn.discordapp.com/attachments/906261481274867723/1087028724609847387/bday_sunoo.png"
  },
  {
    "name": "Hoshi",
    "group": "Maira",
    "single": "BDAY23",
    "category": "bday",
    "description": "**Maira** :: BDAY23",
    "emoji": "🦉",
    "globalID": "2199",
    "setID": "231",
    "rarity": 20,
    "price": 10,
    "sellPrice": 10,
    "stats": {
      "level": 1,
      "xp": 0,
      "xp_for_next_level": 100,
      "ability": 100,
      "reputation": 100
    },
    "imageURL": "https://cdn.discordapp.com/attachments/1014199645750186044/1087026599561531392/bday_Hoshi.png"
  },
  {
    "name": "Jungwon",
    "group": "Maira",
    "single": "BDAY23",
    "category": "bday",
    "description": "**Maira** :: BDAY23",
    "emoji": "🦉",
    "globalID": "2201",
    "setID": "231",
    "rarity": 20,
    "price": 10,
    "sellPrice": 10,
    "stats": {
      "level": 1,
      "xp": 0,
      "xp_for_next_level": 100,
      "ability": 100,
      "reputation": 100
    },
    "imageURL": "https://cdn.discordapp.com/attachments/1014199645750186044/1087026600140345454/bday_Jungwon.png"
  },
  {
    "name": "Minseo",
    "group": "Maira",
    "single": "BDAY23",
    "category": "bday",
    "description": "**Maira** :: BDAY23",
    "emoji": "🦉",
    "globalID": "2202",
    "setID": "231",
    "rarity": 20,
    "price": 10,
    "sellPrice": 10,
    "stats": {
      "level": 1,
      "xp": 0,
      "xp_for_next_level": 100,
      "ability": 100,
      "reputation": 100
    },
    "imageURL": "https://cdn.discordapp.com/attachments/1014199645750186044/1087026600425562122/bday_Minseo.png"
  },
  {
    "name": "Yeji",
    "group": "Maira",
    "single": "BDAY23",
    "category": "bday",
    "description": "**Maira** :: BDAY23",
    "emoji": "🦉",
    "globalID": "2204",
    "setID": "231",
    "rarity": 20,
    "price": 10,
    "sellPrice": 10,
    "stats": {
      "level": 1,
      "xp": 0,
      "xp_for_next_level": 100,
      "ability": 100,
      "reputation": 100
    },
    "imageURL": "https://cdn.discordapp.com/attachments/1014199645750186044/1087026601075675166/bday_Yeji.png"
  },
  {
    "name": "Haechan",
    "group": "Maira",
    "single": "BDAY23",
    "category": "bday",
    "description": "**Maira** :: BDAY23",
    "emoji": "🦉",
    "globalID": "2197",
    "setID": "231",
    "rarity": 20,
    "price": 10,
    "sellPrice": 10,
    "stats": {
      "level": 1,
      "xp": 0,
      "xp_for_next_level": 100,
      "ability": 100,
      "reputation": 100
    },
    "imageURL": "https://cdn.discordapp.com/attachments/1014199645750186044/1087026599024664676/bday_Haechan.png"
  },
  {
    "name": "Yunjin",
    "group": "Maira",
    "single": "BDAY23",
    "category": "bday",
    "description": "**Maira** :: BDAY23",
    "emoji": "🦉",
    "globalID": "2205",
    "setID": "231",
    "rarity": 20,
    "price": 10,
    "sellPrice": 10,
    "stats": {
      "level": 1,
      "xp": 0,
      "xp_for_next_level": 100,
      "ability": 100,
      "reputation": 100
    },
    "imageURL": "https://cdn.discordapp.com/attachments/1014199645750186044/1087026601348309032/bday_Yunjin.png"
  },
  {
    "name": "Intak",
    "group": "Maira",
    "single": "BDAY23",
    "category": "bday",
    "description": "**Maira** :: BDAY23",
    "emoji": "🦉",
    "globalID": "2200",
    "setID": "231",
    "rarity": 20,
    "price": 10,
    "sellPrice": 10,
    "stats": {
      "level": 1,
      "xp": 0,
      "xp_for_next_level": 100,
      "ability": 100,
      "reputation": 100
    },
    "imageURL": "https://cdn.discordapp.com/attachments/1014199645750186044/1087026599829983384/bday_Intak.png"
  },
  {
    "name": "Haerin",
    "group": "Maira",
    "single": "BDAY23",
    "category": "bday",
    "description": "**Maira** :: BDAY23",
    "emoji": "🦉",
    "globalID": "2198",
    "setID": "231",
    "rarity": 20,
    "price": 10,
    "sellPrice": 10,
    "stats": {
      "level": 1,
      "xp": 0,
      "xp_for_next_level": 100,
      "ability": 100,
      "reputation": 100
    },
    "imageURL": "https://cdn.discordapp.com/attachments/1014199645750186044/1087026599272140820/bday_Haerin.png"
  },
  {
    "name": "Doyoung",
    "group": "Maira",
    "single": "BDAY23",
    "category": "bday",
    "description": "**Maira** :: BDAY23",
    "emoji": "🦉",
    "globalID": "2196",
    "setID": "231",
    "rarity": 20,
    "price": 10,
    "sellPrice": 10,
    "stats": {
      "level": 1,
      "xp": 0,
      "xp_for_next_level": 100,
      "ability": 100,
      "reputation": 100
    },
    "imageURL": "https://cdn.discordapp.com/attachments/1014199645750186044/1087026598798168124/bday_Doyoung.png"
  },
  {
    "name": "Taehyun",
    "group": "Maira",
    "single": "BDAY23",
    "category": "bday",
    "description": "**Maira** :: BDAY23",
    "emoji": "🦉",
    "globalID": "2203",
    "setID": "231",
    "rarity": 20,
    "price": 10,
    "sellPrice": 10,
    "stats": {
      "level": 1,
      "xp": 0,
      "xp_for_next_level": 100,
      "ability": 100,
      "reputation": 100
    },
    "imageURL": "https://cdn.discordapp.com/attachments/1014199645750186044/1087026600731758613/bday_Taehyun.png"
  },
  {
    "name": "BABYMETAL",
    "group": "Wonn",
    "single": "BDAY23",
    "category": "bday",
    "description": "**Event** :: BDAY23",
    "emoji": "🦌",
    "globalID": "2451",
    "setID": "204",
    "rarity": 96,
    "price": 10,
    "sellPrice": 10,
    "stats": {
      "level": 1,
      "xp": 0,
      "xp_for_next_level": 100,
      "ability": 100,
      "reputation": 100
    },
    "imageURL": "https://cdn.discordapp.com/attachments/1107296640529879060/1127959517443919992/bday_Babymetal.png"
  },
  {
    "name": "Chanmi",
    "group": "Wonn",
    "single": "BDAY23",
    "category": "bday",
    "description": "**Event** :: BDAY23",
    "emoji": "🦌",
    "globalID": "2452",
    "setID": "204",
    "rarity": 96,
    "price": 10,
    "sellPrice": 10,
    "stats": {
      "level": 1,
      "xp": 0,
      "xp_for_next_level": 100,
      "ability": 100,
      "reputation": 100
    },
    "imageURL": "https://cdn.discordapp.com/attachments/1107296640529879060/1127959517792051250/bday_Chanmi.png"
  },
  {
    "name": "Choerry",
    "group": "Wonn",
    "single": "BDAY23",
    "category": "bday",
    "description": "**Event** :: BDAY23",
    "emoji": "🦌",
    "globalID": "2453",
    "setID": "204",
    "rarity": 96,
    "price": 10,
    "sellPrice": 10,
    "stats": {
      "level": 1,
      "xp": 0,
      "xp_for_next_level": 100,
      "ability": 100,
      "reputation": 100
    },
    "imageURL": "https://cdn.discordapp.com/attachments/1107296640529879060/1127959518127599616/bday_Choerry.png"
  },
  {
    "name": "Eunji",
    "group": "Wonn",
    "single": "BDAY23",
    "category": "bday",
    "description": "**Event** :: BDAY23",
    "emoji": "🦌",
    "globalID": "2454",
    "setID": "204",
    "rarity": 96,
    "price": 10,
    "sellPrice": 10,
    "stats": {
      "level": 1,
      "xp": 0,
      "xp_for_next_level": 100,
      "ability": 100,
      "reputation": 100
    },
    "imageURL": "https://cdn.discordapp.com/attachments/1107296640529879060/1127959518429581383/bday_Eunji.png"
  },
  {
    "name": "Go Won",
    "group": "Wonn",
    "single": "BDAY23",
    "category": "bday",
    "description": "**Event** :: BDAY23",
    "emoji": "🦌",
    "globalID": "2455",
    "setID": "204",
    "rarity": 96,
    "price": 10,
    "sellPrice": 10,
    "stats": {
      "level": 1,
      "xp": 0,
      "xp_for_next_level": 100,
      "ability": 100,
      "reputation": 100
    },
    "imageURL": "https://cdn.discordapp.com/attachments/1107296640529879060/1127959518756741270/bday_Gowon.png"
  },
  {
    "name": "Jeongyeon",
    "group": "Wonn",
    "single": "BDAY23",
    "category": "bday",
    "description": "**Event** :: BDAY23",
    "emoji": "🦌",
    "globalID": "2456",
    "setID": "204",
    "rarity": 96,
    "price": 10,
    "sellPrice": 10,
    "stats": {
      "level": 1,
      "xp": 0,
      "xp_for_next_level": 100,
      "ability": 100,
      "reputation": 100
    },
    "imageURL": "https://cdn.discordapp.com/attachments/1107296640529879060/1127959519067123752/bday_Jeongyeon.png"
  },
  {
    "name": "Shin Jimin",
    "group": "Wonn",
    "single": "BDAY23",
    "category": "bday",
    "description": "**Event** :: BDAY23",
    "emoji": "🦌",
    "globalID": "2457",
    "setID": "204",
    "rarity": 96,
    "price": 10,
    "sellPrice": 10,
    "stats": {
      "level": 1,
      "xp": 0,
      "xp_for_next_level": 100,
      "ability": 100,
      "reputation": 100
    },
    "imageURL": "https://cdn.discordapp.com/attachments/1107296640529879060/1127959519402659971/bday_Jimin.png"
  },
  {
    "name": "Layeon",
    "group": "Wonn",
    "single": "BDAY23",
    "category": "bday",
    "description": "**Event** :: BDAY23",
    "emoji": "🦌",
    "globalID": "2458",
    "setID": "204",
    "rarity": 96,
    "price": 10,
    "sellPrice": 10,
    "stats": {
      "level": 1,
      "xp": 0,
      "xp_for_next_level": 100,
      "ability": 100,
      "reputation": 100
    },
    "imageURL": "https://cdn.discordapp.com/attachments/1107296640529879060/1127959519754989578/bday_Layeon.png"
  },
  {
    "name": "Mayuka",
    "group": "Wonn",
    "single": "BDAY23",
    "category": "bday",
    "description": "**Event** :: BDAY23",
    "emoji": "🦌",
    "globalID": "2459",
    "setID": "204",
    "rarity": 96,
    "price": 10,
    "sellPrice": 10,
    "stats": {
      "level": 1,
      "xp": 0,
      "xp_for_next_level": 100,
      "ability": 100,
      "reputation": 100
    },
    "imageURL": "https://cdn.discordapp.com/attachments/1107296640529879060/1127959520124080209/bday_Mayuka.png"
  },
  {
    "name": "Olivia Hye",
    "group": "Wonn",
    "single": "BDAY23",
    "category": "bday",
    "description": "**Event** :: BDAY23",
    "emoji": "🦌",
    "globalID": "2460",
    "setID": "204",
    "rarity": 96,
    "price": 10,
    "sellPrice": 10,
    "stats": {
      "level": 1,
      "xp": 0,
      "xp_for_next_level": 100,
      "ability": 100,
      "reputation": 100
    },
    "imageURL": "https://cdn.discordapp.com/attachments/1107296640529879060/1127959520400908319/bday_Olivia_Hye.png"
  },
  {
    "name": "Arin",
    "group": "Riz",
    "single": "BDAY23",
    "category": "bday",
    "description": "**Event** :: BDAY23",
    "emoji": "🐧",
    "globalID": "2461",
    "setID": "205",
    "rarity": 96,
    "price": 10,
    "sellPrice": 10,
    "stats": {
      "level": 1,
      "xp": 0,
      "xp_for_next_level": 100,
      "ability": 100,
      "reputation": 100
    },
    "imageURL": "https://cdn.discordapp.com/attachments/1107296640529879060/1127959688693170216/bday_Arin.png"
  },
  {
    "name": "Bae Suzy",
    "group": "Riz",
    "single": "BDAY23",
    "category": "bday",
    "description": "**Event** :: BDAY23",
    "emoji": "🐧",
    "globalID": "2462",
    "setID": "205",
    "rarity": 96,
    "price": 10,
    "sellPrice": 10,
    "stats": {
      "level": 1,
      "xp": 0,
      "xp_for_next_level": 100,
      "ability": 100,
      "reputation": 100
    },
    "imageURL": "https://cdn.discordapp.com/attachments/1107296640529879060/1127959689083244564/bday_Bae_Suzy.png"
  },
  {
    "name": "Chaeyeon",
    "group": "Riz",
    "single": "BDAY23",
    "category": "bday",
    "description": "**Event** :: BDAY23",
    "emoji": "🐧",
    "globalID": "2463",
    "setID": "205",
    "rarity": 96,
    "price": 10,
    "sellPrice": 10,
    "stats": {
      "level": 1,
      "xp": 0,
      "xp_for_next_level": 100,
      "ability": 100,
      "reputation": 100
    },
    "imageURL": "https://cdn.discordapp.com/attachments/1107296640529879060/1127959689502670869/bday_Chaeyeon.png"
  },
  {
    "name": "Jaemin",
    "group": "Riz",
    "single": "BDAY23",
    "category": "bday",
    "description": "**Event** :: BDAY23",
    "emoji": "🐧",
    "globalID": "2464",
    "setID": "205",
    "rarity": 96,
    "price": 10,
    "sellPrice": 10,
    "stats": {
      "level": 1,
      "xp": 0,
      "xp_for_next_level": 100,
      "ability": 100,
      "reputation": 100
    },
    "imageURL": "https://cdn.discordapp.com/attachments/1107296640529879060/1127959689800470671/bday_Jaemin.png"
  },
  {
    "name": "Junseop",
    "group": "Riz",
    "single": "BDAY23",
    "category": "bday",
    "description": "**Event** :: BDAY23",
    "emoji": "🐧",
    "globalID": "2465",
    "setID": "205",
    "rarity": 96,
    "price": 10,
    "sellPrice": 10,
    "stats": {
      "level": 1,
      "xp": 0,
      "xp_for_next_level": 100,
      "ability": 100,
      "reputation": 100
    },
    "imageURL": "https://cdn.discordapp.com/attachments/1107296640529879060/1127959690136010914/bday_Junseop.png"
  },
  {
    "name": "Minhee",
    "group": "Riz",
    "single": "BDAY23",
    "category": "bday",
    "description": "**Event** :: BDAY23",
    "emoji": "🐧",
    "globalID": "2466",
    "setID": "205",
    "rarity": 96,
    "price": 10,
    "sellPrice": 10,
    "stats": {
      "level": 1,
      "xp": 0,
      "xp_for_next_level": 100,
      "ability": 100,
      "reputation": 100
    },
    "imageURL": "https://cdn.discordapp.com/attachments/1107296640529879060/1127959690446393385/bday_Minhee.png"
  },
  {
    "name": "Park Jihoon",
    "group": "Riz",
    "single": "BDAY23",
    "category": "bday",
    "description": "**Event** :: BDAY23",
    "emoji": "🐧",
    "globalID": "2467",
    "setID": "205",
    "rarity": 96,
    "price": 10,
    "sellPrice": 10,
    "stats": {
      "level": 1,
      "xp": 0,
      "xp_for_next_level": 100,
      "ability": 100,
      "reputation": 100
    },
    "imageURL": "https://cdn.discordapp.com/attachments/1107296640529879060/1127959690790314064/bday_Park_Jihoon.png"
  },
  {
    "name": "Wonyoung",
    "group": "Riz",
    "single": "BDAY23",
    "category": "bday",
    "description": "**Event** :: BDAY23",
    "emoji": "🐧",
    "globalID": "2468",
    "setID": "205",
    "rarity": 96,
    "price": 10,
    "sellPrice": 10,
    "stats": {
      "level": 1,
      "xp": 0,
      "xp_for_next_level": 100,
      "ability": 100,
      "reputation": 100
    },
    "imageURL": "https://cdn.discordapp.com/attachments/1107296640529879060/1127959691109089330/bday_Wonyoung.png"
  },
  {
    "name": "Wooseok",
    "group": "Riz",
    "single": "BDAY23",
    "category": "bday",
    "description": "**Event** :: BDAY23",
    "emoji": "🐧",
    "globalID": "2469",
    "setID": "205",
    "rarity": 96,
    "price": 10,
    "sellPrice": 10,
    "stats": {
      "level": 1,
      "xp": 0,
      "xp_for_next_level": 100,
      "ability": 100,
      "reputation": 100
    },
    "imageURL": "https://cdn.discordapp.com/attachments/1107296640529879060/1127959691444637789/bday_Wooseok.png"
  },
  {
    "name": "Xiyeon",
    "group": "Riz",
    "single": "BDAY23",
    "category": "bday",
    "description": "**Event** :: BDAY23",
    "emoji": "🐧",
    "globalID": "2470",
    "setID": "205",
    "rarity": 96,
    "price": 10,
    "sellPrice": 10,
    "stats": {
      "level": 1,
      "xp": 0,
      "xp_for_next_level": 100,
      "ability": 100,
      "reputation": 100
    },
    "imageURL": "https://cdn.discordapp.com/attachments/1107296640529879060/1127959691847286904/bday_Xiyeon.png"
  },
  {
    "name": "Binwoo",
    "group": "Binu",
    "single": "BDAY23",
    "category": "bday",
    "description": "**Binu** :: BDAY23",
    "emoji": "🪐",
    "globalID": "1346",
    "setID": "198",
    "rarity": 91,
    "price": 10,
    "sellPrice": 10,
    "stats": {
      "level": 1,
      "xp": 0,
      "xp_for_next_level": 100,
      "ability": 100,
      "reputation": 100
    },
    "imageURL": "https://cdn.discordapp.com/attachments/1107296640529879060/1142075804172431381/bday_Binwoo.png"
  },
  {
    "name": "Han Jisung",
    "group": "Binu",
    "single": "BDAY23",
    "category": "bday",
    "description": "**Binu** :: BDAY23",
    "emoji": "🪐",
    "globalID": "1347",
    "setID": "198",
    "rarity": 91,
    "price": 10,
    "sellPrice": 10,
    "stats": {
      "level": 1,
      "xp": 0,
      "xp_for_next_level": 100,
      "ability": 100,
      "reputation": 100
    },
    "imageURL": "https://cdn.discordapp.com/attachments/1107296640529879060/1142075804457631854/bday_Han_Jisung.png"
  },
  {
    "name": "Moon Sibs",
    "group": "Binu",
    "single": "BDAY23",
    "category": "bday",
    "description": "**Binu** :: BDAY23",
    "emoji": "🪐",
    "globalID": "1348",
    "setID": "198",
    "rarity": 91,
    "price": 10,
    "sellPrice": 10,
    "stats": {
      "level": 1,
      "xp": 0,
      "xp_for_next_level": 100,
      "ability": 100,
      "reputation": 100
    },
    "imageURL": "https://cdn.discordapp.com/attachments/1107296640529879060/1142075804717694976/bday_Moon_Sibs.png"
  },
  {
    "name": "Moon Sua",
    "group": "Binu",
    "single": "BDAY23",
    "category": "bday",
    "description": "**Binu** :: BDAY23",
    "emoji": "🪐",
    "globalID": "1349",
    "setID": "198",
    "rarity": 91,
    "price": 10,
    "sellPrice": 10,
    "stats": {
      "level": 1,
      "xp": 0,
      "xp_for_next_level": 100,
      "ability": 100,
      "reputation": 100
    },
    "imageURL": "https://cdn.discordapp.com/attachments/1107296640529879060/1142075805082583091/bday_Moon_Sua.png"
  },
  {
    "name": "Moonbin",
    "group": "Binu",
    "single": "BDAY23",
    "category": "bday",
    "description": "**Binu** :: BDAY23",
    "emoji": "🪐",
    "globalID": "1350",
    "setID": "198",
    "rarity": 91,
    "price": 10,
    "sellPrice": 10,
    "stats": {
      "level": 1,
      "xp": 0,
      "xp_for_next_level": 100,
      "ability": 100,
      "reputation": 100
    },
    "imageURL": "https://cdn.discordapp.com/attachments/1107296640529879060/1142075805372006420/bday_Moonbin.png"
  },
  {
    "name": "Myungjin",
    "group": "Binu",
    "single": "BDAY23",
    "category": "bday",
    "description": "**Binu** :: BDAY23",
    "emoji": "🪐",
    "globalID": "1351",
    "setID": "198",
    "rarity": 91,
    "price": 10,
    "sellPrice": 10,
    "stats": {
      "level": 1,
      "xp": 0,
      "xp_for_next_level": 100,
      "ability": 100,
      "reputation": 100
    },
    "imageURL": "https://cdn.discordapp.com/attachments/1107296640529879060/1142075805653020845/bday_Myungjin.png"
  },
  {
    "name": "Sinbin",
    "group": "Binu",
    "single": "BDAY23",
    "category": "bday",
    "description": "**Binu** :: BDAY23",
    "emoji": "🪐",
    "globalID": "1352",
    "setID": "198",
    "rarity": 91,
    "price": 10,
    "sellPrice": 10,
    "stats": {
      "level": 1,
      "xp": 0,
      "xp_for_next_level": 100,
      "ability": 100,
      "reputation": 100
    },
    "imageURL": "https://cdn.discordapp.com/attachments/1107296640529879060/1142075805992747058/bday_Sinbin.png"
  },
  {
    "name": "Socky",
    "group": "Binu",
    "single": "BDAY23",
    "category": "bday",
    "description": "**Binu** :: BDAY23",
    "emoji": "🪐",
    "globalID": "1353",
    "setID": "198",
    "rarity": 91,
    "price": 10,
    "sellPrice": 10,
    "stats": {
      "level": 1,
      "xp": 0,
      "xp_for_next_level": 100,
      "ability": 100,
      "reputation": 100
    },
    "imageURL": "https://cdn.discordapp.com/attachments/1107296640529879060/1142075806273781801/bday_Socky.png"
  },
  {
    "name": "Boobin",
    "group": "Binu",
    "single": "BDAY23",
    "category": "bday",
    "description": "**Binu** :: BDAY23",
    "emoji": "🪐",
    "globalID": "1354",
    "setID": "198",
    "rarity": 91,
    "price": 10,
    "sellPrice": 10,
    "stats": {
      "level": 1,
      "xp": 0,
      "xp_for_next_level": 100,
      "ability": 100,
      "reputation": 100
    },
    "imageURL": "https://cdn.discordapp.com/attachments/1107296640529879060/1142075806558990447/bday_Boobin.png"
  },
  {
    "name": "Changgeun",
    "group": "Binu",
    "single": "BDAY23",
    "category": "bday",
    "description": "**Binu** :: BDAY23",
    "emoji": "🪐",
    "globalID": "1355",
    "setID": "198",
    "rarity": 91,
    "price": 10,
    "sellPrice": 10,
    "stats": {
      "level": 1,
      "xp": 0,
      "xp_for_next_level": 100,
      "ability": 100,
      "reputation": 100
    },
    "imageURL": "https://cdn.discordapp.com/attachments/1107296640529879060/1142075806877761596/bday_Changgeun.png"
  },
  {
    "name": "Doyoung",
    "group": "Lula",
    "single": "BDAY23",
    "category": "bday",
    "description": "**Lula** :: BDAY23",
    "emoji": "🐦",
    "globalID": "1434",
    "setID": "189",
    "rarity": 87,
    "price": 10,
    "sellPrice": 10,
    "stats": {
      "level": 1,
      "xp": 0,
      "xp_for_next_level": 100,
      "ability": 100,
      "reputation": 100
    },
    "imageURL": "https://cdn.discordapp.com/attachments/1107296640529879060/1172630095177978017/bday_Doyoung.png"
  },
  {
    "name": "DPR IAN",
    "group": "Lula",
    "single": "BDAY23",
    "category": "bday",
    "description": "**Lula** :: BDAY23",
    "emoji": "🐦",
    "globalID": "1435",
    "setID": "189",
    "rarity": 87,
    "price": 10,
    "sellPrice": 10,
    "stats": {
      "level": 1,
      "xp": 0,
      "xp_for_next_level": 100,
      "ability": 100,
      "reputation": 100
    },
    "imageURL": "https://cdn.discordapp.com/attachments/1107296640529879060/1172630095584829561/bday_DPRIan.png"
  },
  {
    "name": "Giselle",
    "group": "Lula",
    "single": "BDAY23",
    "category": "bday",
    "description": "**Lula** :: BDAY23",
    "emoji": "🐦",
    "globalID": "1436",
    "setID": "189",
    "rarity": 87,
    "price": 10,
    "sellPrice": 10,
    "stats": {
      "level": 1,
      "xp": 0,
      "xp_for_next_level": 100,
      "ability": 100,
      "reputation": 100
    },
    "imageURL": "https://cdn.discordapp.com/attachments/1107296640529879060/1172630096167845949/bday_Giselle.png"
  },
  {
    "name": "Jeno",
    "group": "Lula",
    "single": "BDAY23",
    "category": "bday",
    "description": "**Lula** :: BDAY23",
    "emoji": "🐦",
    "globalID": "1437",
    "setID": "189",
    "rarity": 87,
    "price": 10,
    "sellPrice": 10,
    "stats": {
      "level": 1,
      "xp": 0,
      "xp_for_next_level": 100,
      "ability": 100,
      "reputation": 100
    },
    "imageURL": "https://cdn.discordapp.com/attachments/1107296640529879060/1172630096549515264/bday_Jeno.png"
  },
  {
    "name": "Jihyo",
    "group": "Lula",
    "single": "BDAY23",
    "category": "bday",
    "description": "**Lula** :: BDAY23",
    "emoji": "🐦",
    "globalID": "1438",
    "setID": "189",
    "rarity": 87,
    "price": 10,
    "sellPrice": 10,
    "stats": {
      "level": 1,
      "xp": 0,
      "xp_for_next_level": 100,
      "ability": 100,
      "reputation": 100
    },
    "imageURL": "https://cdn.discordapp.com/attachments/1107296640529879060/1172630096843120760/bday_Jihyo.png"
  },
  {
    "name": "Jonghyun",
    "group": "Lula",
    "single": "BDAY23",
    "category": "bday",
    "description": "**Lula** :: BDAY23",
    "emoji": "🐦",
    "globalID": "1439",
    "setID": "189",
    "rarity": 87,
    "price": 10,
    "sellPrice": 10,
    "stats": {
      "level": 1,
      "xp": 0,
      "xp_for_next_level": 100,
      "ability": 100,
      "reputation": 100
    },
    "imageURL": "https://cdn.discordapp.com/attachments/1107296640529879060/1172630097166090252/bday_Jonghyun.png"
  },
  {
    "name": "Seunghan",
    "group": "Lula",
    "single": "BDAY23",
    "category": "bday",
    "description": "**Lula** :: BDAY23",
    "emoji": "🐦",
    "globalID": "1440",
    "setID": "189",
    "rarity": 87,
    "price": 10,
    "sellPrice": 10,
    "stats": {
      "level": 1,
      "xp": 0,
      "xp_for_next_level": 100,
      "ability": 100,
      "reputation": 100
    },
    "imageURL": "https://cdn.discordapp.com/attachments/1107296640529879060/1172630097438707722/bday_Seunghan.png"
  },
  {
    "name": "Yujin",
    "group": "Lula",
    "single": "BDAY23",
    "category": "bday",
    "description": "**Lula** :: BDAY23",
    "emoji": "🐦",
    "globalID": "1441",
    "setID": "189",
    "rarity": 87,
    "price": 10,
    "sellPrice": 10,
    "stats": {
      "level": 1,
      "xp": 0,
      "xp_for_next_level": 100,
      "ability": 100,
      "reputation": 100
    },
    "imageURL": "https://cdn.discordapp.com/attachments/1107296640529879060/1172630097841365062/bday_Yujin.png"
  },
  {
    "name": "JOY",
    "group": "Lula",
    "single": "BDAY23",
    "category": "bday",
    "description": "**Lula** :: BDAY23",
    "emoji": "🐦",
    "globalID": "1442",
    "setID": "189",
    "rarity": 87,
    "price": 10,
    "sellPrice": 10,
    "stats": {
      "level": 1,
      "xp": 0,
      "xp_for_next_level": 100,
      "ability": 100,
      "reputation": 100
    },
    "imageURL": "https://cdn.discordapp.com/attachments/1107296640529879060/1172630098210472097/bday_Joy.png"
  },
  {
    "name": "KAI",
    "group": "Lula",
    "single": "BDAY23",
    "category": "bday",
    "description": "**Lula** :: BDAY23",
    "emoji": "🐦",
    "globalID": "1443",
    "setID": "189",
    "rarity": 87,
    "price": 10,
    "sellPrice": 10,
    "stats": {
      "level": 1,
      "xp": 0,
      "xp_for_next_level": 100,
      "ability": 100,
      "reputation": 100
    },
    "imageURL": "https://cdn.discordapp.com/attachments/1107296640529879060/1172630098562781224/bday_Kai.png"
  }
]