[
  {
    "name": "Olivia Hye",
    "group": "LOONA Solo",
    "single": "Egoist",
    "category": "loon",
    "description": "**LOONA Solo** :: Individuals",
    "emoji": "🐺",
    "globalID": "1212",
    "setID": "120",
    "rarity": 12,
    "price": 10,
    "sellPrice": 10,
    "stats": {
      "level": 1,
      "xp": 0,
      "xp_for_next_level": 100,
      "ability": 100,
      "reputation": 100
    },
    "imageURL": "https://cdn.discordapp.com/attachments/1014199645750186044/1035715778311368746/egoist_oliviahye.png"
  },
  {
    "name": "Yves",
    "group": "LOONA Solo",
    "single": "new",
    "category": "loon",
    "description": "**LOONA Solo** :: Individuals",
    "emoji": "🦢",
    "globalID": "1209",
    "setID": "120",
    "rarity": 12,
    "price": 10,
    "sellPrice": 10,
    "stats": {
      "level": 1,
      "xp": 0,
      "xp_for_next_level": 100,
      "ability": 100,
      "reputation": 100
    },
    "imageURL": "https://cdn.discordapp.com/attachments/1014199645750186044/1035715808933982239/new_yves.png"
  },
  {
    "name": "HeeJin",
    "group": "LOONA Solo",
    "single": "ViViD",
    "category": "loon",
    "description": "**LOONA Solo** :: Individuals",
    "emoji": "🐰",
    "globalID": "1201",
    "setID": "120",
    "rarity": 12,
    "price": 10,
    "sellPrice": 10,
    "stats": {
      "level": 1,
      "xp": 0,
      "xp_for_next_level": 100,
      "ability": 100,
      "reputation": 100
    },
    "imageURL": "https://cdn.discordapp.com/attachments/1014199645750186044/1035715810200670319/vivid_heejin.png"
  },
  {
    "name": "HyunJin",
    "group": "LOONA Solo",
    "single": "Around You",
    "category": "loon",
    "description": "**LOONA Solo** :: Individuals",
    "emoji": "🐱",
    "globalID": "1202",
    "setID": "120",
    "rarity": 12,
    "price": 10,
    "sellPrice": 10,
    "stats": {
      "level": 1,
      "xp": 0,
      "xp_for_next_level": 100,
      "ability": 100,
      "reputation": 100
    },
    "imageURL": "https://cdn.discordapp.com/attachments/1014199645750186044/1035715777556385812/aroundyou_hyunjin.png"
  },
  {
    "name": "ViVi",
    "group": "LOONA Solo",
    "single": "Everyday I Love You",
    "category": "loon",
    "description": "**LOONA Solo** :: Individuals",
    "emoji": "🦌",
    "globalID": "1205",
    "setID": "120",
    "rarity": 12,
    "price": 10,
    "sellPrice": 10,
    "stats": {
      "level": 1,
      "xp": 0,
      "xp_for_next_level": 100,
      "ability": 100,
      "reputation": 100
    },
    "imageURL": "https://cdn.discordapp.com/attachments/1014199645750186044/1035715778726596688/everydayily_vivi.png"
  },
  {
    "name": "Kim Lip",
    "group": "LOONA Solo",
    "single": "Eclipse",
    "category": "loon",
    "description": "**LOONA Solo** :: Individuals",
    "emoji": "🦉",
    "globalID": "1206",
    "setID": "120",
    "rarity": 12,
    "price": 10,
    "sellPrice": 10,
    "stats": {
      "level": 1,
      "xp": 0,
      "xp_for_next_level": 100,
      "ability": 100,
      "reputation": 100
    },
    "imageURL": "https://cdn.discordapp.com/attachments/1014199645750186044/1035715777938063402/eclipse_kimlip.png"
  },
  {
    "name": "JinSoul",
    "group": "LOONA Solo",
    "single": "Singing In The Rain",
    "category": "loon",
    "description": "**LOONA Solo** :: Individuals",
    "emoji": "🐟",
    "globalID": "1207",
    "setID": "120",
    "rarity": 12,
    "price": 10,
    "sellPrice": 10,
    "stats": {
      "level": 1,
      "xp": 0,
      "xp_for_next_level": 100,
      "ability": 100,
      "reputation": 100
    },
    "imageURL": "https://cdn.discordapp.com/attachments/1014199645750186044/1035715809802203176/sitr_jinsoul.png"
  },
  {
    "name": "Go Won",
    "group": "LOONA Solo",
    "single": "One & Only",
    "category": "loon",
    "description": "**LOONA Solo** :: Individuals",
    "emoji": "🦋",
    "globalID": "1211",
    "setID": "120",
    "rarity": 12,
    "price": 10,
    "sellPrice": 10,
    "stats": {
      "level": 1,
      "xp": 0,
      "xp_for_next_level": 100,
      "ability": 100,
      "reputation": 100
    },
    "imageURL": "https://cdn.discordapp.com/attachments/1014199645750186044/1035715809357615144/oneonly_gowon.png"
  },
  {
    "name": "YeoJin",
    "group": "LOONA Solo",
    "single": "Kiss Later",
    "category": "loon",
    "description": "**LOONA Solo** :: Individuals",
    "emoji": "🐸",
    "globalID": "1204",
    "setID": "120",
    "rarity": 12,
    "price": 10,
    "sellPrice": 10,
    "stats": {
      "level": 1,
      "xp": 0,
      "xp_for_next_level": 100,
      "ability": 100,
      "reputation": 100
    },
    "imageURL": "https://cdn.discordapp.com/attachments/1014199645750186044/1035715807746990120/kisslater_yeojin.png"
  },
  {
    "name": "Chuu",
    "group": "LOONA Solo",
    "single": "Heart Attack",
    "category": "loon",
    "description": "**LOONA Solo** :: Individuals",
    "emoji": "🐧",
    "globalID": "1210",
    "setID": "120",
    "rarity": 12,
    "price": 10,
    "sellPrice": 10,
    "stats": {
      "level": 1,
      "xp": 0,
      "xp_for_next_level": 100,
      "ability": 100,
      "reputation": 100
    },
    "imageURL": "https://cdn.discordapp.com/attachments/1014199645750186044/1035715807344349294/heartattack_chuu.png"
  },
  {
    "name": "Choerry",
    "group": "LOONA Solo",
    "single": "Love Cherry Motion",
    "category": "loon",
    "description": "**LOONA Solo** :: Individuals",
    "emoji": "🦇",
    "globalID": "1208",
    "setID": "120",
    "rarity": 12,
    "price": 10,
    "sellPrice": 10,
    "stats": {
      "level": 1,
      "xp": 0,
      "xp_for_next_level": 100,
      "ability": 100,
      "reputation": 100
    },
    "imageURL": "https://cdn.discordapp.com/attachments/1014199645750186044/1035715808170618890/lcm_choerry.png"
  },
  {
    "name": "HaSeul",
    "group": "LOONA Solo",
    "single": "Let Me In",
    "category": "loon",
    "description": "**LOONA Solo** :: Individuals",
    "emoji": "🐦",
    "globalID": "1203",
    "setID": "120",
    "rarity": 12,
    "price": 10,
    "sellPrice": 10,
    "stats": {
      "level": 1,
      "xp": 0,
      "xp_for_next_level": 100,
      "ability": 100,
      "reputation": 100
    },
    "imageURL": "https://cdn.discordapp.com/attachments/1014199645750186044/1035715808556490752/letmein_haseul.png"
  },
  {
    "name": "Doyoung",
    "group": "NCT DOJAEJUNG",
    "single": "Perfume",
    "category": "unit",
    "description": "**NCT DOJAEJUNG** :: Perfume",
    "emoji": "💐",
    "globalID": "2279",
    "setID": "224",
    "rarity": 17,
    "price": 10,
    "sellPrice": 10,
    "stats": {
      "level": 1,
      "xp": 0,
      "xp_for_next_level": 100,
      "ability": 100,
      "reputation": 100
    },
    "imageURL": "https://cdn.discordapp.com/attachments/1014199645750186044/1099635172753817710/perfume_doyoung.png"
  },
  {
    "name": "Jaehyun",
    "group": "NCT DOJAEJUNG",
    "single": "Perfume",
    "category": "unit",
    "description": "**NCT DOJAEJUNG** :: Perfume",
    "emoji": "💐",
    "globalID": "2280",
    "setID": "224",
    "rarity": 17,
    "price": 10,
    "sellPrice": 10,
    "stats": {
      "level": 1,
      "xp": 0,
      "xp_for_next_level": 100,
      "ability": 100,
      "reputation": 100
    },
    "imageURL": "https://cdn.discordapp.com/attachments/1014199645750186044/1099635172992880680/perfume_jaehyun.png"
  },
  {
    "name": "Jungwoo",
    "group": "NCT DOJAEJUNG",
    "single": "Perfume",
    "category": "unit",
    "description": "**NCT DOJAEJUNG** :: Perfume",
    "emoji": "💐",
    "globalID": "2281",
    "setID": "224",
    "rarity": 17,
    "price": 10,
    "sellPrice": 10,
    "stats": {
      "level": 1,
      "xp": 0,
      "xp_for_next_level": 100,
      "ability": 100,
      "reputation": 100
    },
    "imageURL": "https://cdn.discordapp.com/attachments/1014199645750186044/1099635173257134142/perfume_jungwoo.png"
  },
  {
    "name": "Lizzy",
    "group": "Orange Caramel",
    "single": "Lipstick",
    "category": "unit",
    "description": "**Orange Caramel** :: Lipstick",
    "emoji": "💄",
    "globalID": "2276",
    "setID": "225",
    "rarity": 17,
    "price": 10,
    "sellPrice": 10,
    "stats": {
      "level": 1,
      "xp": 0,
      "xp_for_next_level": 100,
      "ability": 100,
      "reputation": 100
    },
    "imageURL": "https://cdn.discordapp.com/attachments/1014199645750186044/1099635171826876569/lipstick_lizzy.png"
  },
  {
    "name": "Nana",
    "group": "Orange Caramel",
    "single": "Lipstick",
    "category": "unit",
    "description": "**Orange Caramel** :: Lipstick",
    "emoji": "💄",
    "globalID": "2277",
    "setID": "225",
    "rarity": 17,
    "price": 10,
    "sellPrice": 10,
    "stats": {
      "level": 1,
      "xp": 0,
      "xp_for_next_level": 100,
      "ability": 100,
      "reputation": 100
    },
    "imageURL": "https://cdn.discordapp.com/attachments/1014199645750186044/1099635172187574372/lipstick_nana.png"
  },
  {
    "name": "Raina",
    "group": "Orange Caramel",
    "single": "Lipstick",
    "category": "unit",
    "description": "**Orange Caramel** :: Lipstick",
    "emoji": "💄",
    "globalID": "2278",
    "setID": "225",
    "rarity": 17,
    "price": 10,
    "sellPrice": 10,
    "stats": {
      "level": 1,
      "xp": 0,
      "xp_for_next_level": 100,
      "ability": 100,
      "reputation": 100
    },
    "imageURL": "https://cdn.discordapp.com/attachments/1014199645750186044/1099635172489568316/lipstick_raina.png"
  },
  {
    "name": "Hyoyeon",
    "group": "Oh!GG",
    "single": "Lil' Touch",
    "category": "unit",
    "description": "**Oh!GG** :: Lil' Touch",
    "emoji": "🐍",
    "globalID": "2271",
    "setID": "226",
    "rarity": 17,
    "price": 10,
    "sellPrice": 10,
    "stats": {
      "level": 1,
      "xp": 0,
      "xp_for_next_level": 100,
      "ability": 100,
      "reputation": 100
    },
    "imageURL": "https://cdn.discordapp.com/attachments/1014199645750186044/1099635124829700166/liltouch_hyoyeon.png"
  },
  {
    "name": "Sunny",
    "group": "Oh!GG",
    "single": "Lil' Touch",
    "category": "unit",
    "description": "**Oh!GG** :: Lil' Touch",
    "emoji": "🐍",
    "globalID": "2272",
    "setID": "226",
    "rarity": 17,
    "price": 10,
    "sellPrice": 10,
    "stats": {
      "level": 1,
      "xp": 0,
      "xp_for_next_level": 100,
      "ability": 100,
      "reputation": 100
    },
    "imageURL": "https://cdn.discordapp.com/attachments/1014199645750186044/1099635125072973905/liltouch_sunny.png"
  },
  {
    "name": "Taeyeon",
    "group": "Oh!GG",
    "single": "Lil' Touch",
    "category": "unit",
    "description": "**Oh!GG** :: Lil' Touch",
    "emoji": "🐍",
    "globalID": "2273",
    "setID": "226",
    "rarity": 17,
    "price": 10,
    "sellPrice": 10,
    "stats": {
      "level": 1,
      "xp": 0,
      "xp_for_next_level": 100,
      "ability": 100,
      "reputation": 100
    },
    "imageURL": "https://cdn.discordapp.com/attachments/1014199645750186044/1099635125345599508/liltouch_taeyeon.png"
  },
  {
    "name": "Yoona",
    "group": "Oh!GG",
    "single": "Lil' Touch",
    "category": "unit",
    "description": "**Oh!GG** :: Lil' Touch",
    "emoji": "🐍",
    "globalID": "2274",
    "setID": "226",
    "rarity": 17,
    "price": 10,
    "sellPrice": 10,
    "stats": {
      "level": 1,
      "xp": 0,
      "xp_for_next_level": 100,
      "ability": 100,
      "reputation": 100
    },
    "imageURL": "https://cdn.discordapp.com/attachments/1014199645750186044/1099635125580464210/liltouch_yoona.png"
  },
  {
    "name": "Yuri",
    "group": "Oh!GG",
    "single": "Lil' Touch",
    "category": "unit",
    "description": "**Oh!GG** :: Lil' Touch",
    "emoji": "🐍",
    "globalID": "2275",
    "setID": "226",
    "rarity": 17,
    "price": 10,
    "sellPrice": 10,
    "stats": {
      "level": 1,
      "xp": 0,
      "xp_for_next_level": 100,
      "ability": 100,
      "reputation": 100
    },
    "imageURL": "https://cdn.discordapp.com/attachments/1014199645750186044/1099635125853114448/liltouch_yuri.png"
  },
  {
    "name": "Jay B",
    "group": "JJ Project",
    "single": "BOUNCE",
    "category": "unit",
    "description": "**JJ Project** :: BOUNCE",
    "emoji": "🎸",
    "globalID": "2269",
    "setID": "227",
    "rarity": 17,
    "price": 10,
    "sellPrice": 10,
    "stats": {
      "level": 1,
      "xp": 0,
      "xp_for_next_level": 100,
      "ability": 100,
      "reputation": 100
    },
    "imageURL": "https://cdn.discordapp.com/attachments/1014199645750186044/1099635124338950246/bounce_jayb.png"
  },
  {
    "name": "Jinyoung",
    "group": "JJ Project",
    "single": "BOUNCE",
    "category": "unit",
    "description": "**JJ Project** :: BOUNCE",
    "emoji": "🎸",
    "globalID": "2270",
    "setID": "227",
    "rarity": 17,
    "price": 10,
    "sellPrice": 10,
    "stats": {
      "level": 1,
      "xp": 0,
      "xp_for_next_level": 100,
      "ability": 100,
      "reputation": 100
    },
    "imageURL": "https://cdn.discordapp.com/attachments/1014199645750186044/1099635124561268746/bounce_jinyoung.png"
  },
  {
    "name": "E'Dawn",
    "group": "Triple H",
    "single": "365 FRESH",
    "category": "unit",
    "description": "**Triple H** :: 365 FRESH",
    "emoji": "🌞",
    "globalID": "2266",
    "setID": "228",
    "rarity": 17,
    "price": 10,
    "sellPrice": 10,
    "stats": {
      "level": 1,
      "xp": 0,
      "xp_for_next_level": 100,
      "ability": 100,
      "reputation": 100
    },
    "imageURL": "https://cdn.discordapp.com/attachments/1014199645750186044/1099638114022076506/365fresh_dawn.png"
  },
  {
    "name": "Hyuna",
    "group": "Triple H",
    "single": "365 FRESH",
    "category": "unit",
    "description": "**Triple H** :: 365 FRESH",
    "emoji": "🌞",
    "globalID": "2267",
    "setID": "228",
    "rarity": 17,
    "price": 10,
    "sellPrice": 10,
    "stats": {
      "level": 1,
      "xp": 0,
      "xp_for_next_level": 100,
      "ability": 100,
      "reputation": 100
    },
    "imageURL": "https://cdn.discordapp.com/attachments/1014199645750186044/1099635123852427274/365fresh_hyuna.png"
  },
  {
    "name": "Hui",
    "group": "Triple H",
    "single": "365 FRESH",
    "category": "unit",
    "description": "**Triple H** :: 365 FRESH",
    "emoji": "🌞",
    "globalID": "2268",
    "setID": "228",
    "rarity": 17,
    "price": 10,
    "sellPrice": 10,
    "stats": {
      "level": 1,
      "xp": 0,
      "xp_for_next_level": 100,
      "ability": 100,
      "reputation": 100
    },
    "imageURL": "https://cdn.discordapp.com/attachments/1014199645750186044/1099635123621744650/365fresh_hui.png"
  },
  {
    "name": "Hyuna",
    "group": "Trouble Maker",
    "single": "Trouble Maker",
    "category": "unit",
    "description": "**Trouble Maker** :: Trouble Maker",
    "emoji": "😟",
    "globalID": "2194",
    "setID": "232",
    "rarity": 21,
    "price": 10,
    "sellPrice": 10,
    "stats": {
      "level": 1,
      "xp": 0,
      "xp_for_next_level": 100,
      "ability": 100,
      "reputation": 100
    },
    "imageURL": "https://cdn.discordapp.com/attachments/1014199645750186044/1081972601078947961/troublemaker_hyuna.png"
  },
  {
    "name": "Hyunseung",
    "group": "Trouble Maker",
    "single": "Trouble Maker",
    "category": "unit",
    "description": "**Trouble Maker** :: Trouble Maker",
    "emoji": "😟",
    "globalID": "2195",
    "setID": "232",
    "rarity": 21,
    "price": 10,
    "sellPrice": 10,
    "stats": {
      "level": 1,
      "xp": 0,
      "xp_for_next_level": 100,
      "ability": 100,
      "reputation": 100
    },
    "imageURL": "https://cdn.discordapp.com/attachments/1014199645750186044/1081972601347391629/troublemaker_hyunseung.png"
  },
  {
    "name": "Irene",
    "group": "Irene & Seulgi",
    "single": "Monster",
    "category": "unit",
    "description": "**Irene & Seulgi** :: Monster",
    "emoji": "👾",
    "globalID": "2192",
    "setID": "233",
    "rarity": 21,
    "price": 10,
    "sellPrice": 10,
    "stats": {
      "level": 1,
      "xp": 0,
      "xp_for_next_level": 100,
      "ability": 100,
      "reputation": 100
    },
    "imageURL": "https://cdn.discordapp.com/attachments/1014199645750186044/1081972600584028180/monster_irene.png"
  },
  {
    "name": "Seulgi",
    "group": "Irene & Seulgi",
    "single": "Monster",
    "category": "unit",
    "description": "**Irene & Seulgi** :: Monster",
    "emoji": "👾",
    "globalID": "2193",
    "setID": "233",
    "rarity": 21,
    "price": 10,
    "sellPrice": 10,
    "stats": {
      "level": 1,
      "xp": 0,
      "xp_for_next_level": 100,
      "ability": 100,
      "reputation": 100
    },
    "imageURL": "https://cdn.discordapp.com/attachments/1014199645750186044/1081972600831496304/monster_seulgi.png"
  },
  {
    "name": "Hoshi",
    "group": "BSS",
    "single": "Fighting",
    "category": "unit",
    "description": "**BSS** :: Fighting",
    "emoji": "🏃",
    "globalID": "2190",
    "setID": "234",
    "rarity": 21,
    "price": 10,
    "sellPrice": 10,
    "stats": {
      "level": 1,
      "xp": 0,
      "xp_for_next_level": 100,
      "ability": 100,
      "reputation": 100
    },
    "imageURL": "https://cdn.discordapp.com/attachments/1014199645750186044/1081972449417105448/fighting_hoshi.png"
  },
  {
    "name": "DK",
    "group": "BSS",
    "single": "Fighting",
    "category": "unit",
    "description": "**BSS** :: Fighting",
    "emoji": "🏃",
    "globalID": "2189",
    "setID": "234",
    "rarity": 21,
    "price": 10,
    "sellPrice": 10,
    "stats": {
      "level": 1,
      "xp": 0,
      "xp_for_next_level": 100,
      "ability": 100,
      "reputation": 100
    },
    "imageURL": "https://cdn.discordapp.com/attachments/1014199645750186044/1081972449165443152/fighting_dk.png"
  },
  {
    "name": "Seungkwan",
    "group": "BSS",
    "single": "Fighting",
    "category": "unit",
    "description": "**BSS** :: Fighting",
    "emoji": "🏃",
    "globalID": "2191",
    "setID": "234",
    "rarity": 21,
    "price": 10,
    "sellPrice": 10,
    "stats": {
      "level": 1,
      "xp": 0,
      "xp_for_next_level": 100,
      "ability": 100,
      "reputation": 100
    },
    "imageURL": "https://cdn.discordapp.com/attachments/1014199645750186044/1081972449647788132/fighting_seungkwan.png"
  },
  {
    "name": "Baekhyun",
    "group": "EXO-CBX",
    "single": "Blooming Day",
    "category": "unit",
    "description": "**EXO** :: CBX",
    "emoji": "🧩",
    "globalID": "2186",
    "setID": "235",
    "rarity": 21,
    "price": 10,
    "sellPrice": 10,
    "stats": {
      "level": 1,
      "xp": 0,
      "xp_for_next_level": 100,
      "ability": 100,
      "reputation": 100
    },
    "imageURL": "https://cdn.discordapp.com/attachments/1014199645750186044/1081972414151409684/bloomingday_baekhyun.png"
  },
  {
    "name": "Chen",
    "group": "EXO-CBX",
    "single": "Blooming Day",
    "category": "unit",
    "description": "**EXO** :: CBX",
    "emoji": "🧩",
    "globalID": "2187",
    "setID": "235",
    "rarity": 21,
    "price": 10,
    "sellPrice": 10,
    "stats": {
      "level": 1,
      "xp": 0,
      "xp_for_next_level": 100,
      "ability": 100,
      "reputation": 100
    },
    "imageURL": "https://cdn.discordapp.com/attachments/1014199645750186044/1081972414407258152/bloomingday_chen.png"
  },
  {
    "name": "Xiumin",
    "group": "EXO-CBX",
    "single": "Blooming Day",
    "category": "unit",
    "description": "**EXO** :: CBX",
    "emoji": "🧩",
    "globalID": "2188",
    "setID": "235",
    "rarity": 21,
    "price": 10,
    "sellPrice": 10,
    "stats": {
      "level": 1,
      "xp": 0,
      "xp_for_next_level": 100,
      "ability": 100,
      "reputation": 100
    },
    "imageURL": "https://cdn.discordapp.com/attachments/1014199645750186044/1081972414684090388/bloomingday_xiumin.png"
  }
]