[
  {
    "name": "Chenle",
    "group": "NCT U",
    "single": "From Home",
    "category": "nctu",
    "description": "Event - NCT U",
    "emoji": "🌿",
    "globalID": "2033",
    "setID": "247",
    "rarity": 28,
    "price": 10,
    "sellPrice": 10,
    "stats": {
      "level": 1,
      "xp": 0,
      "xp_for_next_level": 100,
      "ability": 100,
      "reputation": 100
    },
    "imageURL": "https://cdn.discordapp.com/attachments/1014199645750186044/1031345870127509624/fromhome_chenle.png"
  },
  {
    "name": "Yuta",
    "group": "NCT U",
    "single": "From Home",
    "category": "nctu",
    "description": "Event - NCT U",
    "emoji": "🌿",
    "globalID": "2039",
    "setID": "247",
    "rarity": 28,
    "price": 10,
    "sellPrice": 10,
    "stats": {
      "level": 1,
      "xp": 0,
      "xp_for_next_level": 100,
      "ability": 100,
      "reputation": 100
    },
    "imageURL": "https://cdn.discordapp.com/attachments/1014199645750186044/1031345872400822322/fromhome_yuta.png"
  },
  {
    "name": "Haechan",
    "group": "NCT U",
    "single": "From Home",
    "category": "nctu",
    "description": "Event - NCT U",
    "emoji": "🌿",
    "globalID": "2035",
    "setID": "247",
    "rarity": 28,
    "price": 10,
    "sellPrice": 10,
    "stats": {
      "level": 1,
      "xp": 0,
      "xp_for_next_level": 100,
      "ability": 100,
      "reputation": 100
    },
    "imageURL": "https://cdn.discordapp.com/attachments/1014199645750186044/1031345870848925797/fromhome_haechan.png"
  },
  {
    "name": "Taeil",
    "group": "NCT U",
    "single": "From Home",
    "category": "nctu",
    "description": "Event - NCT U",
    "emoji": "🌿",
    "globalID": "2038",
    "setID": "247",
    "rarity": 28,
    "price": 10,
    "sellPrice": 10,
    "stats": {
      "level": 1,
      "xp": 0,
      "xp_for_next_level": 100,
      "ability": 100,
      "reputation": 100
    },
    "imageURL": "https://cdn.discordapp.com/attachments/1014199645750186044/1031345871998165072/fromhome_taeil.png"
  },
  {
    "name": "Renjun",
    "group": "NCT U",
    "single": "From Home",
    "category": "nctu",
    "description": "Event - NCT U",
    "emoji": "🌿",
    "globalID": "2037",
    "setID": "247",
    "rarity": 28,
    "price": 10,
    "sellPrice": 10,
    "stats": {
      "level": 1,
      "xp": 0,
      "xp_for_next_level": 100,
      "ability": 100,
      "reputation": 100
    },
    "imageURL": "https://cdn.discordapp.com/attachments/1014199645750186044/1031345871662620704/fromhome_renjun.png"
  },
  {
    "name": "Kun",
    "group": "NCT U",
    "single": "From Home",
    "category": "nctu",
    "description": "Event - NCT U",
    "emoji": "🌿",
    "globalID": "2036",
    "setID": "247",
    "rarity": 28,
    "price": 10,
    "sellPrice": 10,
    "stats": {
      "level": 1,
      "xp": 0,
      "xp_for_next_level": 100,
      "ability": 100,
      "reputation": 100
    },
    "imageURL": "https://cdn.discordapp.com/attachments/1014199645750186044/1031345871226417193/fromhome_kun.png"
  },
  {
    "name": "Doyoung",
    "group": "NCT U",
    "single": "From Home",
    "category": "nctu",
    "description": "Event - NCT U",
    "emoji": "🌿",
    "globalID": "2034",
    "setID": "247",
    "rarity": 28,
    "price": 10,
    "sellPrice": 10,
    "stats": {
      "level": 1,
      "xp": 0,
      "xp_for_next_level": 100,
      "ability": 100,
      "reputation": 100
    },
    "imageURL": "https://cdn.discordapp.com/attachments/1014199645750186044/1031345870509187072/fromhome_doyoung.png"
  },
  {
    "name": "Ten",
    "group": "NCT U",
    "single": "Baby Don't Stop",
    "category": "nctu",
    "description": "Event - NCT U",
    "emoji": "🚫",
    "globalID": "2032",
    "setID": "248",
    "rarity": 28,
    "price": 10,
    "sellPrice": 10,
    "stats": {
      "level": 1,
      "xp": 0,
      "xp_for_next_level": 100,
      "ability": 100,
      "reputation": 100
    },
    "imageURL": "https://cdn.discordapp.com/attachments/1014199645750186044/1031347286380392478/bds_ten.png"
  },
  {
    "name": "Taeyong",
    "group": "NCT U",
    "single": "Baby Don't Stop",
    "category": "nctu",
    "description": "Event - NCT U",
    "emoji": "🚫",
    "globalID": "2031",
    "setID": "248",
    "rarity": 28,
    "price": 10,
    "sellPrice": 10,
    "stats": {
      "level": 1,
      "xp": 0,
      "xp_for_next_level": 100,
      "ability": 100,
      "reputation": 100
    },
    "imageURL": "https://cdn.discordapp.com/attachments/1014199645750186044/1031347286015488010/bds_taeyong.png"
  },
  {
    "name": "Chaeyeon",
    "group": "I.O.I",
    "single": "Dream Girls",
    "category": "pdgr",
    "description": "I.O.I - Dream Girls",
    "emoji": "💭",
    "globalID": "2282",
    "setID": "223",
    "rarity": 16,
    "price": 10,
    "sellPrice": 10,
    "stats": {
      "level": 1,
      "xp": 0,
      "xp_for_next_level": 100,
      "ability": 100,
      "reputation": 100
    },
    "imageURL": "https://cdn.discordapp.com/attachments/1107296640529879060/1109503240145473567/dreamgirls_chaeyeon.png"
  },
  {
    "name": "Chungha",
    "group": "I.O.I",
    "single": "Dream Girls",
    "category": "pdgr",
    "description": "I.O.I - Dream Girls",
    "emoji": "💭",
    "globalID": "2283",
    "setID": "223",
    "rarity": 16,
    "price": 10,
    "sellPrice": 10,
    "stats": {
      "level": 1,
      "xp": 0,
      "xp_for_next_level": 100,
      "ability": 100,
      "reputation": 100
    },
    "imageURL": "https://cdn.discordapp.com/attachments/1107296640529879060/1109503240455848047/dreamgirls_chungha.png"
  },
  {
    "name": "Doyeon",
    "group": "I.O.I",
    "single": "Dream Girls",
    "category": "pdgr",
    "description": "I.O.I - Dream Girls",
    "emoji": "💭",
    "globalID": "2284",
    "setID": "223",
    "rarity": 16,
    "price": 10,
    "sellPrice": 10,
    "stats": {
      "level": 1,
      "xp": 0,
      "xp_for_next_level": 100,
      "ability": 100,
      "reputation": 100
    },
    "imageURL": "https://cdn.discordapp.com/attachments/1107296640529879060/1109503240850128907/dreamgirls_doyeon.png"
  },
  {
    "name": "Kyulkyung",
    "group": "I.O.I",
    "single": "Dream Girls",
    "category": "pdgr",
    "description": "I.O.I - Dream Girls",
    "emoji": "💭",
    "globalID": "2285",
    "setID": "223",
    "rarity": 16,
    "price": 10,
    "sellPrice": 10,
    "stats": {
      "level": 1,
      "xp": 0,
      "xp_for_next_level": 100,
      "ability": 100,
      "reputation": 100
    },
    "imageURL": "https://cdn.discordapp.com/attachments/1107296640529879060/1109503241781252207/dreamgirls_kyulkyung.png"
  },
  {
    "name": "Mina",
    "group": "I.O.I",
    "single": "Dream Girls",
    "category": "pdgr",
    "description": "I.O.I - Dream Girls",
    "emoji": "💭",
    "globalID": "2286",
    "setID": "223",
    "rarity": 16,
    "price": 10,
    "sellPrice": 10,
    "stats": {
      "level": 1,
      "xp": 0,
      "xp_for_next_level": 100,
      "ability": 100,
      "reputation": 100
    },
    "imageURL": "https://cdn.discordapp.com/attachments/1107296640529879060/1109503242066460692/dreamgirls_mina.png"
  },
  {
    "name": "Nayoung",
    "group": "I.O.I",
    "single": "Dream Girls",
    "category": "pdgr",
    "description": "I.O.I - Dream Girls",
    "emoji": "💭",
    "globalID": "2287",
    "setID": "223",
    "rarity": 16,
    "price": 10,
    "sellPrice": 10,
    "stats": {
      "level": 1,
      "xp": 0,
      "xp_for_next_level": 100,
      "ability": 100,
      "reputation": 100
    },
    "imageURL": "https://cdn.discordapp.com/attachments/1107296640529879060/1109503242368467037/dreamgirls_nayoung.png"
  },
  {
    "name": "Sejeong",
    "group": "I.O.I",
    "single": "Dream Girls",
    "category": "pdgr",
    "description": "I.O.I - Dream Girls",
    "emoji": "💭",
    "globalID": "2288",
    "setID": "223",
    "rarity": 16,
    "price": 10,
    "sellPrice": 10,
    "stats": {
      "level": 1,
      "xp": 0,
      "xp_for_next_level": 100,
      "ability": 100,
      "reputation": 100
    },
    "imageURL": "https://cdn.discordapp.com/attachments/1107296640529879060/1109503287373336686/dreamgirls_sejeong.png"
  },
  {
    "name": "Sohye",
    "group": "I.O.I",
    "single": "Dream Girls",
    "category": "pdgr",
    "description": "I.O.I - Dream Girls",
    "emoji": "💭",
    "globalID": "2289",
    "setID": "223",
    "rarity": 16,
    "price": 10,
    "sellPrice": 10,
    "stats": {
      "level": 1,
      "xp": 0,
      "xp_for_next_level": 100,
      "ability": 100,
      "reputation": 100
    },
    "imageURL": "https://cdn.discordapp.com/attachments/1107296640529879060/1109503287662751785/dreamgirls_sohye.png"
  },
  {
    "name": "Somi",
    "group": "I.O.I",
    "single": "Dream Girls",
    "category": "pdgr",
    "description": "I.O.I - Dream Girls",
    "emoji": "💭",
    "globalID": "2290",
    "setID": "223",
    "rarity": 16,
    "price": 10,
    "sellPrice": 10,
    "stats": {
      "level": 1,
      "xp": 0,
      "xp_for_next_level": 100,
      "ability": 100,
      "reputation": 100
    },
    "imageURL": "https://cdn.discordapp.com/attachments/1107296640529879060/1109503287935369276/dreamgirls_somi.png"
  },
  {
    "name": "Yeonjung",
    "group": "I.O.I",
    "single": "Dream Girls",
    "category": "pdgr",
    "description": "I.O.I - Dream Girls",
    "emoji": "💭",
    "globalID": "2291",
    "setID": "223",
    "rarity": 16,
    "price": 10,
    "sellPrice": 10,
    "stats": {
      "level": 1,
      "xp": 0,
      "xp_for_next_level": 100,
      "ability": 100,
      "reputation": 100
    },
    "imageURL": "https://cdn.discordapp.com/attachments/1107296640529879060/1109504570004095076/dreamgirls_yeonjung.png"
  },
  {
    "name": "Yoojung",
    "group": "I.O.I",
    "single": "Dream Girls",
    "category": "pdgr",
    "description": "I.O.I - Dream Girls",
    "emoji": "💭",
    "globalID": "2292",
    "setID": "223",
    "rarity": 16,
    "price": 10,
    "sellPrice": 10,
    "stats": {
      "level": 1,
      "xp": 0,
      "xp_for_next_level": 100,
      "ability": 100,
      "reputation": 100
    },
    "imageURL": "https://cdn.discordapp.com/attachments/1107296640529879060/1109503288518389840/dreamgirls_yoojung.png"
  },
  {
    "name": "Daehwi",
    "group": "Wanna One",
    "single": "Energetic",
    "category": "pdgr",
    "description": "Wanna One - Energetic",
    "emoji": "⚡",
    "globalID": "2293",
    "setID": "222",
    "rarity": 16,
    "price": 10,
    "sellPrice": 10,
    "stats": {
      "level": 1,
      "xp": 0,
      "xp_for_next_level": 100,
      "ability": 100,
      "reputation": 100
    },
    "imageURL": "https://cdn.discordapp.com/attachments/1107296640529879060/1109504925815275530/energetic_daehwi.png"
  },
  {
    "name": "Daniel",
    "group": "Wanna One",
    "single": "Energetic",
    "category": "pdgr",
    "description": "Wanna One - Energetic",
    "emoji": "⚡",
    "globalID": "2294",
    "setID": "222",
    "rarity": 16,
    "price": 10,
    "sellPrice": 10,
    "stats": {
      "level": 1,
      "xp": 0,
      "xp_for_next_level": 100,
      "ability": 100,
      "reputation": 100
    },
    "imageURL": "https://cdn.discordapp.com/attachments/1107296640529879060/1109504926092120085/energetic_daniel.png"
  },
  {
    "name": "Jaehwan",
    "group": "Wanna One",
    "single": "Energetic",
    "category": "pdgr",
    "description": "Wanna One - Energetic",
    "emoji": "⚡",
    "globalID": "2295",
    "setID": "222",
    "rarity": 16,
    "price": 10,
    "sellPrice": 10,
    "stats": {
      "level": 1,
      "xp": 0,
      "xp_for_next_level": 100,
      "ability": 100,
      "reputation": 100
    },
    "imageURL": "https://cdn.discordapp.com/attachments/1107296640529879060/1109504926608019526/energetic_jaehwan.png"
  },
  {
    "name": "Jihoon",
    "group": "Wanna One",
    "single": "Energetic",
    "category": "pdgr",
    "description": "Wanna One - Energetic",
    "emoji": "⚡",
    "globalID": "2296",
    "setID": "222",
    "rarity": 16,
    "price": 10,
    "sellPrice": 10,
    "stats": {
      "level": 1,
      "xp": 0,
      "xp_for_next_level": 100,
      "ability": 100,
      "reputation": 100
    },
    "imageURL": "https://cdn.discordapp.com/attachments/1107296640529879060/1109504927023251496/energetic_jihoon.png"
  },
  {
    "name": "Jinyoung",
    "group": "Wanna One",
    "single": "Energetic",
    "category": "pdgr",
    "description": "Wanna One - Energetic",
    "emoji": "⚡",
    "globalID": "2297",
    "setID": "222",
    "rarity": 16,
    "price": 10,
    "sellPrice": 10,
    "stats": {
      "level": 1,
      "xp": 0,
      "xp_for_next_level": 100,
      "ability": 100,
      "reputation": 100
    },
    "imageURL": "https://cdn.discordapp.com/attachments/1107296640529879060/1109504927304253490/energetic_jinyoung.png"
  },
  {
    "name": "Jisung",
    "group": "Wanna One",
    "single": "Energetic",
    "category": "pdgr",
    "description": "Wanna One - Energetic",
    "emoji": "⚡",
    "globalID": "2298",
    "setID": "222",
    "rarity": 16,
    "price": 10,
    "sellPrice": 10,
    "stats": {
      "level": 1,
      "xp": 0,
      "xp_for_next_level": 100,
      "ability": 100,
      "reputation": 100
    },
    "imageURL": "https://cdn.discordapp.com/attachments/1107296640529879060/1109504964893622303/energetic_jisung.png"
  },
  {
    "name": "Kuanlin",
    "group": "Wanna One",
    "single": "Energetic",
    "category": "pdgr",
    "description": "Wanna One - Energetic",
    "emoji": "⚡",
    "globalID": "2299",
    "setID": "222",
    "rarity": 16,
    "price": 10,
    "sellPrice": 10,
    "stats": {
      "level": 1,
      "xp": 0,
      "xp_for_next_level": 100,
      "ability": 100,
      "reputation": 100
    },
    "imageURL": "https://cdn.discordapp.com/attachments/1107296640529879060/1109506223335804948/energetic_kuanlin.png"
  },
  {
    "name": "Minhyun",
    "group": "Wanna One",
    "single": "Energetic",
    "category": "pdgr",
    "description": "Wanna One - Energetic",
    "emoji": "⚡",
    "globalID": "2300",
    "setID": "222",
    "rarity": 16,
    "price": 10,
    "sellPrice": 10,
    "stats": {
      "level": 1,
      "xp": 0,
      "xp_for_next_level": 100,
      "ability": 100,
      "reputation": 100
    },
    "imageURL": "https://cdn.discordapp.com/attachments/1107296640529879060/1109504965233344572/energetic_minhyun.png"
  },
  {
    "name": "Seongwoo",
    "group": "Wanna One",
    "single": "Energetic",
    "category": "pdgr",
    "description": "Wanna One - Energetic",
    "emoji": "⚡",
    "globalID": "2301",
    "setID": "222",
    "rarity": 16,
    "price": 10,
    "sellPrice": 10,
    "stats": {
      "level": 1,
      "xp": 0,
      "xp_for_next_level": 100,
      "ability": 100,
      "reputation": 100
    },
    "imageURL": "https://cdn.discordapp.com/attachments/1107296640529879060/1109508994277589022/energetic_seongwoo.png"
  },
  {
    "name": "Sungwoon",
    "group": "Wanna One",
    "single": "Energetic",
    "category": "pdgr",
    "description": "Wanna One - Energetic",
    "emoji": "⚡",
    "globalID": "2302",
    "setID": "222",
    "rarity": 16,
    "price": 10,
    "sellPrice": 10,
    "stats": {
      "level": 1,
      "xp": 0,
      "xp_for_next_level": 100,
      "ability": 100,
      "reputation": 100
    },
    "imageURL": "https://cdn.discordapp.com/attachments/1107296640529879060/1109504965766021130/energetic_sungwoon.png"
  },
  {
    "name": "Woojin",
    "group": "Wanna One",
    "single": "Energetic",
    "category": "pdgr",
    "description": "Wanna One - Energetic",
    "emoji": "⚡",
    "globalID": "2303",
    "setID": "222",
    "rarity": 16,
    "price": 10,
    "sellPrice": 10,
    "stats": {
      "level": 1,
      "xp": 0,
      "xp_for_next_level": 100,
      "ability": 100,
      "reputation": 100
    },
    "imageURL": "https://cdn.discordapp.com/attachments/1107296640529879060/1109504966084808744/energetic_woojin.png"
  },
  {
    "name": "Gunwook",
    "group": "ZB1",
    "single": "Pre-Debut",
    "category": "pdgr",
    "description": "ZB1 - Pre-Debut",
    "emoji": "👦🏻",
    "globalID": "2304",
    "setID": "221",
    "rarity": 16,
    "price": 10,
    "sellPrice": 10,
    "stats": {
      "level": 1,
      "xp": 0,
      "xp_for_next_level": 100,
      "ability": 100,
      "reputation": 100
    },
    "imageURL": "https://cdn.discordapp.com/attachments/1107296640529879060/1109509370254999624/predebut_gunwook.png"
  },
  {
    "name": "Gyuvin",
    "group": "ZB1",
    "single": "Pre-Debut",
    "category": "pdgr",
    "description": "ZB1 - Pre-Debut",
    "emoji": "👦🏻",
    "globalID": "2305",
    "setID": "221",
    "rarity": 16,
    "price": 10,
    "sellPrice": 10,
    "stats": {
      "level": 1,
      "xp": 0,
      "xp_for_next_level": 100,
      "ability": 100,
      "reputation": 100
    },
    "imageURL": "https://cdn.discordapp.com/attachments/1107296640529879060/1109509370536013865/predebut_gyuvin.png"
  },
  {
    "name": "Hanbin",
    "group": "ZB1",
    "single": "Pre-Debut",
    "category": "pdgr",
    "description": "ZB1 - Pre-Debut",
    "emoji": "👦🏻",
    "globalID": "2306",
    "setID": "221",
    "rarity": 16,
    "price": 10,
    "sellPrice": 10,
    "stats": {
      "level": 1,
      "xp": 0,
      "xp_for_next_level": 100,
      "ability": 100,
      "reputation": 100
    },
    "imageURL": "https://cdn.discordapp.com/attachments/1107296640529879060/1109509370825408553/predebut_hanbin.png"
  },
  {
    "name": "Jiwoong",
    "group": "ZB1",
    "single": "Pre-Debut",
    "category": "pdgr",
    "description": "ZB1 - Pre-Debut",
    "emoji": "👦🏻",
    "globalID": "2307",
    "setID": "221",
    "rarity": 16,
    "price": 10,
    "sellPrice": 10,
    "stats": {
      "level": 1,
      "xp": 0,
      "xp_for_next_level": 100,
      "ability": 100,
      "reputation": 100
    },
    "imageURL": "https://cdn.discordapp.com/attachments/1107296640529879060/1109509371337130074/predebut_jiwoong.png"
  },
  {
    "name": "Matthew",
    "group": "ZB1",
    "single": "Pre-Debut",
    "category": "pdgr",
    "description": "ZB1 - Pre-Debut",
    "emoji": "👦🏻",
    "globalID": "2308",
    "setID": "221",
    "rarity": 16,
    "price": 10,
    "sellPrice": 10,
    "stats": {
      "level": 1,
      "xp": 0,
      "xp_for_next_level": 100,
      "ability": 100,
      "reputation": 100
    },
    "imageURL": "https://cdn.discordapp.com/attachments/1107296640529879060/1109509371651698838/predebut_matthew.png"
  },
  {
    "name": "Ricky",
    "group": "ZB1",
    "single": "Pre-Debut",
    "category": "pdgr",
    "description": "ZB1 - Pre-Debut",
    "emoji": "👦🏻",
    "globalID": "2309",
    "setID": "221",
    "rarity": 16,
    "price": 10,
    "sellPrice": 10,
    "stats": {
      "level": 1,
      "xp": 0,
      "xp_for_next_level": 100,
      "ability": 100,
      "reputation": 100
    },
    "imageURL": "https://cdn.discordapp.com/attachments/1107296640529879060/1109509371962085486/predebut_ricky.png"
  },
  {
    "name": "Taerae",
    "group": "ZB1",
    "single": "Pre-Debut",
    "category": "pdgr",
    "description": "ZB1 - Pre-Debut",
    "emoji": "👦🏻",
    "globalID": "2310",
    "setID": "221",
    "rarity": 16,
    "price": 10,
    "sellPrice": 10,
    "stats": {
      "level": 1,
      "xp": 0,
      "xp_for_next_level": 100,
      "ability": 100,
      "reputation": 100
    },
    "imageURL": "https://cdn.discordapp.com/attachments/1107296640529879060/1109509372192763984/predebut_taerae.png"
  },
  {
    "name": "Yujin",
    "group": "ZB1",
    "single": "Pre-Debut",
    "category": "pdgr",
    "description": "ZB1 - Pre-Debut",
    "emoji": "👦🏻",
    "globalID": "2311",
    "setID": "221",
    "rarity": 16,
    "price": 10,
    "sellPrice": 10,
    "stats": {
      "level": 1,
      "xp": 0,
      "xp_for_next_level": 100,
      "ability": 100,
      "reputation": 100
    },
    "imageURL": "https://cdn.discordapp.com/attachments/1107296640529879060/1109509372452815028/predebut_yujin.png"
  },
  {
    "name": "Zhanghao",
    "group": "ZB1",
    "single": "Pre-Debut",
    "category": "pdgr",
    "description": "ZB1 - Pre-Debut",
    "emoji": "👦🏻",
    "globalID": "2312",
    "setID": "221",
    "rarity": 16,
    "price": 10,
    "sellPrice": 10,
    "stats": {
      "level": 1,
      "xp": 0,
      "xp_for_next_level": 100,
      "ability": 100,
      "reputation": 100
    },
    "imageURL": "https://cdn.discordapp.com/attachments/1107296640529879060/1109509372742217749/predebut_zhanghao.png"
  },
  {
    "name": "Fengfan",
    "group": "INI",
    "single": "Rocketeer",
    "category": "pdgr",
    "description": "INI - Rocketeer",
    "emoji": "🚀",
    "globalID": "2313",
    "setID": "220",
    "rarity": 16,
    "price": 10,
    "sellPrice": 10,
    "stats": {
      "level": 1,
      "xp": 0,
      "xp_for_next_level": 100,
      "ability": 100,
      "reputation": 100
    },
    "imageURL": "https://cdn.discordapp.com/attachments/1107296640529879060/1109511230957289512/rocketeer_fengfan.png"
  },
  {
    "name": "Hiromu",
    "group": "INI",
    "single": "Rocketeer",
    "category": "pdgr",
    "description": "INI - Rocketeer",
    "emoji": "🚀",
    "globalID": "2314",
    "setID": "220",
    "rarity": 16,
    "price": 10,
    "sellPrice": 10,
    "stats": {
      "level": 1,
      "xp": 0,
      "xp_for_next_level": 100,
      "ability": 100,
      "reputation": 100
    },
    "imageURL": "https://cdn.discordapp.com/attachments/1107296640529879060/1109511231179608145/rocketeer_hiromu.png"
  },
  {
    "name": "Hiroto",
    "group": "INI",
    "single": "Rocketeer",
    "category": "pdgr",
    "description": "INI - Rocketeer",
    "emoji": "🚀",
    "globalID": "2315",
    "setID": "220",
    "rarity": 16,
    "price": 10,
    "sellPrice": 10,
    "stats": {
      "level": 1,
      "xp": 0,
      "xp_for_next_level": 100,
      "ability": 100,
      "reputation": 100
    },
    "imageURL": "https://cdn.discordapp.com/attachments/1107296640529879060/1109511231414476800/rocketeer_hiroto.png"
  },
  {
    "name": "Jin",
    "group": "INI",
    "single": "Rocketeer",
    "category": "pdgr",
    "description": "INI - Rocketeer",
    "emoji": "🚀",
    "globalID": "2316",
    "setID": "220",
    "rarity": 16,
    "price": 10,
    "sellPrice": 10,
    "stats": {
      "level": 1,
      "xp": 0,
      "xp_for_next_level": 100,
      "ability": 100,
      "reputation": 100
    },
    "imageURL": "https://cdn.discordapp.com/attachments/1107296640529879060/1109511231666126948/rocketeer_jin.png"
  },
  {
    "name": "Kyosuke",
    "group": "INI",
    "single": "Rocketeer",
    "category": "pdgr",
    "description": "INI - Rocketeer",
    "emoji": "🚀",
    "globalID": "2317",
    "setID": "220",
    "rarity": 16,
    "price": 10,
    "sellPrice": 10,
    "stats": {
      "level": 1,
      "xp": 0,
      "xp_for_next_level": 100,
      "ability": 100,
      "reputation": 100
    },
    "imageURL": "https://cdn.discordapp.com/attachments/1107296640529879060/1109511231951360040/rocketeer_kyosuke.png"
  },
  {
    "name": "Masaya",
    "group": "INI",
    "single": "Rocketeer",
    "category": "pdgr",
    "description": "INI - Rocketeer",
    "emoji": "🚀",
    "globalID": "2318",
    "setID": "220",
    "rarity": 16,
    "price": 10,
    "sellPrice": 10,
    "stats": {
      "level": 1,
      "xp": 0,
      "xp_for_next_level": 100,
      "ability": 100,
      "reputation": 100
    },
    "imageURL": "https://cdn.discordapp.com/attachments/1107296640529879060/1109511232198812040/rocketeer_masaya.png"
  },
  {
    "name": "Rihito",
    "group": "INI",
    "single": "Rocketeer",
    "category": "pdgr",
    "description": "INI - Rocketeer",
    "emoji": "🚀",
    "globalID": "2319",
    "setID": "220",
    "rarity": 16,
    "price": 10,
    "sellPrice": 10,
    "stats": {
      "level": 1,
      "xp": 0,
      "xp_for_next_level": 100,
      "ability": 100,
      "reputation": 100
    },
    "imageURL": "https://cdn.discordapp.com/attachments/1107296640529879060/1109511350545293322/rocketeer_rihito.png"
  },
  {
    "name": "Shogo",
    "group": "INI",
    "single": "Rocketeer",
    "category": "pdgr",
    "description": "INI - Rocketeer",
    "emoji": "🚀",
    "globalID": "2320",
    "setID": "220",
    "rarity": 16,
    "price": 10,
    "sellPrice": 10,
    "stats": {
      "level": 1,
      "xp": 0,
      "xp_for_next_level": 100,
      "ability": 100,
      "reputation": 100
    },
    "imageURL": "https://cdn.discordapp.com/attachments/1107296640529879060/1109511350893424741/rocketeer_shogo.png"
  },
  {
    "name": "Takeru",
    "group": "INI",
    "single": "Rocketeer",
    "category": "pdgr",
    "description": "INI - Rocketeer",
    "emoji": "🚀",
    "globalID": "2321",
    "setID": "220",
    "rarity": 16,
    "price": 10,
    "sellPrice": 10,
    "stats": {
      "level": 1,
      "xp": 0,
      "xp_for_next_level": 100,
      "ability": 100,
      "reputation": 100
    },
    "imageURL": "https://cdn.discordapp.com/attachments/1107296640529879060/1109511351338016838/rocketeer_takeru.png"
  },
  {
    "name": "Takumi",
    "group": "INI",
    "single": "Rocketeer",
    "category": "pdgr",
    "description": "INI - Rocketeer",
    "emoji": "🚀",
    "globalID": "2322",
    "setID": "220",
    "rarity": 16,
    "price": 10,
    "sellPrice": 10,
    "stats": {
      "level": 1,
      "xp": 0,
      "xp_for_next_level": 100,
      "ability": 100,
      "reputation": 100
    },
    "imageURL": "https://cdn.discordapp.com/attachments/1107296640529879060/1109511351790997556/rocketeer_takumi.png"
  },
  {
    "name": "Yudai",
    "group": "INI",
    "single": "Rocketeer",
    "category": "pdgr",
    "description": "INI - Rocketeer",
    "emoji": "🚀",
    "globalID": "2323",
    "setID": "220",
    "rarity": 16,
    "price": 10,
    "sellPrice": 10,
    "stats": {
      "level": 1,
      "xp": 0,
      "xp_for_next_level": 100,
      "ability": 100,
      "reputation": 100
    },
    "imageURL": "https://cdn.discordapp.com/attachments/1107296640529879060/1109511352185270472/rocketeer_yudai.png"
  },
  {
    "name": "Junji",
    "group": "OnlyOneOf",
    "single": "chrOme arts",
    "category": "jpre",
    "description": "OnlyOneOf - chrOme arts",
    "emoji": "😌",
    "globalID": "2324",
    "setID": "219",
    "rarity": 15,
    "price": 10,
    "sellPrice": 10,
    "stats": {
      "level": 1,
      "xp": 0,
      "xp_for_next_level": 100,
      "ability": 100,
      "reputation": 100
    },
    "imageURL": "https://cdn.discordapp.com/attachments/1107296640529879060/1109519528511148032/Junji.png"
  },
  {
    "name": "KB",
    "group": "OnlyOneOf",
    "single": "chrOme arts",
    "category": "jpre",
    "description": "OnlyOneOf - chrOme arts",
    "emoji": "😌",
    "globalID": "2325",
    "setID": "219",
    "rarity": 15,
    "price": 10,
    "sellPrice": 10,
    "stats": {
      "level": 1,
      "xp": 0,
      "xp_for_next_level": 100,
      "ability": 100,
      "reputation": 100
    },
    "imageURL": "https://cdn.discordapp.com/attachments/1107296640529879060/1109519528796356648/KB.png"
  },
  {
    "name": "Mill",
    "group": "OnlyOneOf",
    "single": "chrOme arts",
    "category": "jpre",
    "description": "OnlyOneOf - chrOme arts",
    "emoji": "😌",
    "globalID": "2326",
    "setID": "219",
    "rarity": 15,
    "price": 10,
    "sellPrice": 10,
    "stats": {
      "level": 1,
      "xp": 0,
      "xp_for_next_level": 100,
      "ability": 100,
      "reputation": 100
    },
    "imageURL": "https://cdn.discordapp.com/attachments/1107296640529879060/1109519529048023120/Mill.png"
  },
  {
    "name": "Nine",
    "group": "OnlyOneOf",
    "single": "chrOme arts",
    "category": "jpre",
    "description": "OnlyOneOf - chrOme arts",
    "emoji": "😌",
    "globalID": "2327",
    "setID": "219",
    "rarity": 15,
    "price": 10,
    "sellPrice": 10,
    "stats": {
      "level": 1,
      "xp": 0,
      "xp_for_next_level": 100,
      "ability": 100,
      "reputation": 100
    },
    "imageURL": "https://cdn.discordapp.com/attachments/1107296640529879060/1109519529312260188/Nine.png"
  },
  {
    "name": "Rie",
    "group": "OnlyOneOf",
    "single": "chrOme arts",
    "category": "jpre",
    "description": "OnlyOneOf - chrOme arts",
    "emoji": "😌",
    "globalID": "2328",
    "setID": "219",
    "rarity": 15,
    "price": 10,
    "sellPrice": 10,
    "stats": {
      "level": 1,
      "xp": 0,
      "xp_for_next_level": 100,
      "ability": 100,
      "reputation": 100
    },
    "imageURL": "https://cdn.discordapp.com/attachments/1107296640529879060/1109519529605857372/Rie.png"
  },
  {
    "name": "Yoojung",
    "group": "OnlyOneOf",
    "single": "chrOme arts",
    "category": "jpre",
    "description": "OnlyOneOf - chrOme arts",
    "emoji": "😌",
    "globalID": "2329",
    "setID": "219",
    "rarity": 15,
    "price": 10,
    "sellPrice": 10,
    "stats": {
      "level": 1,
      "xp": 0,
      "xp_for_next_level": 100,
      "ability": 100,
      "reputation": 100
    },
    "imageURL": "https://cdn.discordapp.com/attachments/1107296640529879060/1109519529882689679/Yoojung.png"
  },
  {
    "name": "MOAMETAL",
    "group": "BABYMETAL",
    "single": "メギツネ",
    "category": "jpre",
    "description": "BABYMETAL - メギツネ",
    "emoji": "🦊",
    "globalID": "2330",
    "setID": "218",
    "rarity": 15,
    "price": 10,
    "sellPrice": 10,
    "stats": {
      "level": 1,
      "xp": 0,
      "xp_for_next_level": 100,
      "ability": 100,
      "reputation": 100
    },
    "imageURL": "https://cdn.discordapp.com/attachments/1107296640529879060/1109521999644074045/Megitsune_Moametal.png"
  },
  {
    "name": "SU-METAL",
    "group": "BABYMETAL",
    "single": "メギツネ",
    "category": "jpre",
    "description": "BABYMETAL - メギツネ",
    "emoji": "🦊",
    "globalID": "2331",
    "setID": "218",
    "rarity": 15,
    "price": 10,
    "sellPrice": 10,
    "stats": {
      "level": 1,
      "xp": 0,
      "xp_for_next_level": 100,
      "ability": 100,
      "reputation": 100
    },
    "imageURL": "https://cdn.discordapp.com/attachments/1107296640529879060/1109522657382248550/Megitsune_Sumetal.png"
  },
  {
    "name": "YUIMETAL",
    "group": "BABYMETAL",
    "single": "メギツネ",
    "category": "jpre",
    "description": "BABYMETAL - メギツネ",
    "emoji": "🦊",
    "globalID": "2332",
    "setID": "218",
    "rarity": 15,
    "price": 10,
    "sellPrice": 10,
    "stats": {
      "level": 1,
      "xp": 0,
      "xp_for_next_level": 100,
      "ability": 100,
      "reputation": 100
    },
    "imageURL": "https://cdn.discordapp.com/attachments/1107296640529879060/1109522000294191175/Megitsune_Yuimetal.png"
  },
  {
    "name": "Doyoung",
    "group": "NCT 127",
    "single": "gimme gimme",
    "category": "jpre",
    "description": "NCT 127 - gimme gimme",
    "emoji": "🚿",
    "globalID": "2333",
    "setID": "217",
    "rarity": 15,
    "price": 10,
    "sellPrice": 10,
    "stats": {
      "level": 1,
      "xp": 0,
      "xp_for_next_level": 100,
      "ability": 100,
      "reputation": 100
    },
    "imageURL": "https://cdn.discordapp.com/attachments/1107296640529879060/1109525953190838413/gimmegimme_doyoung.png"
  },
  {
    "name": "Haechan",
    "group": "NCT 127",
    "single": "gimme gimme",
    "category": "jpre",
    "description": "NCT 127 - gimme gimme",
    "emoji": "🚿",
    "globalID": "2334",
    "setID": "217",
    "rarity": 15,
    "price": 10,
    "sellPrice": 10,
    "stats": {
      "level": 1,
      "xp": 0,
      "xp_for_next_level": 100,
      "ability": 100,
      "reputation": 100
    },
    "imageURL": "https://cdn.discordapp.com/attachments/1107296640529879060/1109525953455063161/gimmegimme_haechan.png"
  },
  {
    "name": "Jaehyun",
    "group": "NCT 127",
    "single": "gimme gimme",
    "category": "jpre",
    "description": "NCT 127 - gimme gimme",
    "emoji": "🚿",
    "globalID": "2335",
    "setID": "217",
    "rarity": 15,
    "price": 10,
    "sellPrice": 10,
    "stats": {
      "level": 1,
      "xp": 0,
      "xp_for_next_level": 100,
      "ability": 100,
      "reputation": 100
    },
    "imageURL": "https://cdn.discordapp.com/attachments/1107296640529879060/1109525953727701002/gimmegimme_jaehyun.png"
  },
  {
    "name": "Johnny",
    "group": "NCT 127",
    "single": "gimme gimme",
    "category": "jpre",
    "description": "NCT 127 - gimme gimme",
    "emoji": "🚿",
    "globalID": "2336",
    "setID": "217",
    "rarity": 15,
    "price": 10,
    "sellPrice": 10,
    "stats": {
      "level": 1,
      "xp": 0,
      "xp_for_next_level": 100,
      "ability": 100,
      "reputation": 100
    },
    "imageURL": "https://cdn.discordapp.com/attachments/1107296640529879060/1109525954067447900/gimmegimme_johnny.png"
  },
  {
    "name": "Jungwoo",
    "group": "NCT 127",
    "single": "gimme gimme",
    "category": "jpre",
    "description": "NCT 127 - gimme gimme",
    "emoji": "🚿",
    "globalID": "2337",
    "setID": "217",
    "rarity": 15,
    "price": 10,
    "sellPrice": 10,
    "stats": {
      "level": 1,
      "xp": 0,
      "xp_for_next_level": 100,
      "ability": 100,
      "reputation": 100
    },
    "imageURL": "https://cdn.discordapp.com/attachments/1107296640529879060/1109525954474278980/gimmegimme_jungwoo.png"
  },
  {
    "name": "Mark",
    "group": "NCT 127",
    "single": "gimme gimme",
    "category": "jpre",
    "description": "NCT 127 - gimme gimme",
    "emoji": "🚿",
    "globalID": "2338",
    "setID": "217",
    "rarity": 15,
    "price": 10,
    "sellPrice": 10,
    "stats": {
      "level": 1,
      "xp": 0,
      "xp_for_next_level": 100,
      "ability": 100,
      "reputation": 100
    },
    "imageURL": "https://cdn.discordapp.com/attachments/1107296640529879060/1109525955371876555/gimmegimme_mark.png"
  },
  {
    "name": "Taeil",
    "group": "NCT 127",
    "single": "gimme gimme",
    "category": "jpre",
    "description": "NCT 127 - gimme gimme",
    "emoji": "🚿",
    "globalID": "2339",
    "setID": "217",
    "rarity": 15,
    "price": 10,
    "sellPrice": 10,
    "stats": {
      "level": 1,
      "xp": 0,
      "xp_for_next_level": 100,
      "ability": 100,
      "reputation": 100
    },
    "imageURL": "https://cdn.discordapp.com/attachments/1107296640529879060/1109525955648684164/gimmegimme_taeil.png"
  },
  {
    "name": "Taeyong",
    "group": "NCT 127",
    "single": "gimme gimme",
    "category": "jpre",
    "description": "NCT 127 - gimme gimme",
    "emoji": "🚿",
    "globalID": "2340",
    "setID": "217",
    "rarity": 15,
    "price": 10,
    "sellPrice": 10,
    "stats": {
      "level": 1,
      "xp": 0,
      "xp_for_next_level": 100,
      "ability": 100,
      "reputation": 100
    },
    "imageURL": "https://cdn.discordapp.com/attachments/1107296640529879060/1109525955959070740/gimmegimme_taeyong.png"
  },
  {
    "name": "Yuta",
    "group": "NCT 127",
    "single": "gimme gimme",
    "category": "jpre",
    "description": "NCT 127 - gimme gimme",
    "emoji": "🚿",
    "globalID": "2341",
    "setID": "217",
    "rarity": 15,
    "price": 10,
    "sellPrice": 10,
    "stats": {
      "level": 1,
      "xp": 0,
      "xp_for_next_level": 100,
      "ability": 100,
      "reputation": 100
    },
    "imageURL": "https://cdn.discordapp.com/attachments/1107296640529879060/1109525956202352720/gimmegimme_yuta.png"
  },
  {
    "name": "Hongjoong",
    "group": "ATEEZ",
    "single": "Paradigm",
    "category": "jpre",
    "description": "ATEEZ - Paradigm",
    "emoji": "👁️‍🗨️",
    "globalID": "2342",
    "setID": "216",
    "rarity": 15,
    "price": 10,
    "sellPrice": 10,
    "stats": {
      "level": 1,
      "xp": 0,
      "xp_for_next_level": 100,
      "ability": 100,
      "reputation": 100
    },
    "imageURL": "https://cdn.discordapp.com/attachments/1107296640529879060/1109527331384598649/Hongjoong.png"
  },
  {
    "name": "Jongho",
    "group": "ATEEZ",
    "single": "Paradigm",
    "category": "jpre",
    "description": "ATEEZ - Paradigm",
    "emoji": "👁️‍🗨️",
    "globalID": "2343",
    "setID": "216",
    "rarity": 15,
    "price": 10,
    "sellPrice": 10,
    "stats": {
      "level": 1,
      "xp": 0,
      "xp_for_next_level": 100,
      "ability": 100,
      "reputation": 100
    },
    "imageURL": "https://cdn.discordapp.com/attachments/1107296640529879060/1109527331812413530/Jongho.png"
  },
  {
    "name": "San",
    "group": "ATEEZ",
    "single": "Paradigm",
    "category": "jpre",
    "description": "ATEEZ - Paradigm",
    "emoji": "👁️‍🗨️",
    "globalID": "2344",
    "setID": "216",
    "rarity": 15,
    "price": 10,
    "sellPrice": 10,
    "stats": {
      "level": 1,
      "xp": 0,
      "xp_for_next_level": 100,
      "ability": 100,
      "reputation": 100
    },
    "imageURL": "https://cdn.discordapp.com/attachments/1107296640529879060/1109527332118601818/San.png"
  },
  {
    "name": "Seonghwa",
    "group": "ATEEZ",
    "single": "Paradigm",
    "category": "jpre",
    "description": "ATEEZ - Paradigm",
    "emoji": "👁️‍🗨️",
    "globalID": "2345",
    "setID": "216",
    "rarity": 15,
    "price": 10,
    "sellPrice": 10,
    "stats": {
      "level": 1,
      "xp": 0,
      "xp_for_next_level": 100,
      "ability": 100,
      "reputation": 100
    },
    "imageURL": "https://cdn.discordapp.com/attachments/1107296640529879060/1109527332437364776/Seonghwa.png"
  },
  {
    "name": "Yeosang",
    "group": "ATEEZ",
    "single": "Paradigm",
    "category": "jpre",
    "description": "ATEEZ - Paradigm",
    "emoji": "👁️‍🗨️",
    "globalID": "2346",
    "setID": "216",
    "rarity": 15,
    "price": 10,
    "sellPrice": 10,
    "stats": {
      "level": 1,
      "xp": 0,
      "xp_for_next_level": 100,
      "ability": 100,
      "reputation": 100
    },
    "imageURL": "https://cdn.discordapp.com/attachments/1107296640529879060/1109527332802285608/Yeosang.png"
  },
  {
    "name": "Yunho",
    "group": "ATEEZ",
    "single": "Paradigm",
    "category": "jpre",
    "description": "ATEEZ - Paradigm",
    "emoji": "👁️‍🗨️",
    "globalID": "2347",
    "setID": "216",
    "rarity": 15,
    "price": 10,
    "sellPrice": 10,
    "stats": {
      "level": 1,
      "xp": 0,
      "xp_for_next_level": 100,
      "ability": 100,
      "reputation": 100
    },
    "imageURL": "https://cdn.discordapp.com/attachments/1107296640529879060/1109527333150400574/Yunho.png"
  },
  {
    "name": "Mingi",
    "group": "ATEEZ",
    "single": "Paradigm",
    "category": "jpre",
    "description": "ATEEZ - Paradigm",
    "emoji": "👁️‍🗨️",
    "globalID": "2348",
    "setID": "216",
    "rarity": 15,
    "price": 10,
    "sellPrice": 10,
    "stats": {
      "level": 1,
      "xp": 0,
      "xp_for_next_level": 100,
      "ability": 100,
      "reputation": 100
    },
    "imageURL": "https://cdn.discordapp.com/attachments/1107296640529879060/1109527333578231839/Mingi.png"
  },
  {
    "name": "Wooyoung",
    "group": "ATEEZ",
    "single": "Paradigm",
    "category": "jpre",
    "description": "ATEEZ - Paradigm",
    "emoji": "👁️‍🗨️",
    "globalID": "2349",
    "setID": "216",
    "rarity": 15,
    "price": 10,
    "sellPrice": 10,
    "stats": {
      "level": 1,
      "xp": 0,
      "xp_for_next_level": 100,
      "ability": 100,
      "reputation": 100
    },
    "imageURL": "https://cdn.discordapp.com/attachments/1107296640529879060/1109527333980872724/Wooyoung.png"
  },
  {
    "name": "Kyary Pamyu Pamyu",
    "group": "Kyary Pamyu Pamyu",
    "single": "PONPONPON",
    "category": "jpre",
    "description": "Kyary Pamyu Pamyu - PONPONPON",
    "emoji": "🍭",
    "globalID": "2350",
    "setID": "215",
    "rarity": 15,
    "price": 10,
    "sellPrice": 10,
    "stats": {
      "level": 1,
      "xp": 0,
      "xp_for_next_level": 100,
      "ability": 100,
      "reputation": 100
    },
    "imageURL": "https://cdn.discordapp.com/attachments/1107296640529879060/1109528343017181314/ponponpon_kpp1.png"
  },
  {
    "name": "Kyary Pamyu Pamyu",
    "group": "Kyary Pamyu Pamyu",
    "single": "PONPONPON",
    "category": "jpre",
    "description": "Kyary Pamyu Pamyu - PONPONPON",
    "emoji": "🍭",
    "globalID": "2351",
    "setID": "215",
    "rarity": 15,
    "price": 10,
    "sellPrice": 10,
    "stats": {
      "level": 1,
      "xp": 0,
      "xp_for_next_level": 100,
      "ability": 100,
      "reputation": 100
    },
    "imageURL": "https://cdn.discordapp.com/attachments/1107296640529879060/1109528343327543317/ponponpon_kpp2.png"
  },
  {
    "name": "Kyary Pamyu Pamyu",
    "group": "Kyary Pamyu Pamyu",
    "single": "PONPONPON",
    "category": "jpre",
    "description": "Kyary Pamyu Pamyu - PONPONPON",
    "emoji": "🍭",
    "globalID": "2352",
    "setID": "215",
    "rarity": 15,
    "price": 10,
    "sellPrice": 10,
    "stats": {
      "level": 1,
      "xp": 0,
      "xp_for_next_level": 100,
      "ability": 100,
      "reputation": 100
    },
    "imageURL": "https://cdn.discordapp.com/attachments/1107296640529879060/1109528343583399966/ponponpon_kpp3.png"
  },
  {
    "name": "Chaewon",
    "group": "IZ\\*ONE",
    "single": "好きと言わせたい",
    "category": "jpre",
    "description": "IZ\\*ONE - 好きと言わせたい",
    "emoji": "🧥",
    "globalID": "2353",
    "setID": "214",
    "rarity": 15,
    "price": 10,
    "sellPrice": 10,
    "stats": {
      "level": 1,
      "xp": 0,
      "xp_for_next_level": 100,
      "ability": 100,
      "reputation": 100
    },
    "imageURL": "https://cdn.discordapp.com/attachments/1107296640529879060/1109528789005906081/sukito_chaewon.png"
  },
  {
    "name": "Chaeyeon",
    "group": "IZ\\*ONE",
    "single": "好きと言わせたい",
    "category": "jpre",
    "description": "IZ\\*ONE - 好きと言わせたい",
    "emoji": "🧥",
    "globalID": "2354",
    "setID": "214",
    "rarity": 15,
    "price": 10,
    "sellPrice": 10,
    "stats": {
      "level": 1,
      "xp": 0,
      "xp_for_next_level": 100,
      "ability": 100,
      "reputation": 100
    },
    "imageURL": "https://cdn.discordapp.com/attachments/1107296640529879060/1109528789299511336/sukito_chaeyeon.png"
  },
  {
    "name": "Eunbi",
    "group": "IZ\\*ONE",
    "single": "好きと言わせたい",
    "category": "jpre",
    "description": "IZ\\*ONE - 好きと言わせたい",
    "emoji": "🧥",
    "globalID": "2355",
    "setID": "214",
    "rarity": 15,
    "price": 10,
    "sellPrice": 10,
    "stats": {
      "level": 1,
      "xp": 0,
      "xp_for_next_level": 100,
      "ability": 100,
      "reputation": 100
    },
    "imageURL": "https://cdn.discordapp.com/attachments/1107296640529879060/1109528789651816531/sukito_eunbi.png"
  },
  {
    "name": "Hitomi",
    "group": "IZ\\*ONE",
    "single": "好きと言わせたい",
    "category": "jpre",
    "description": "IZ\\*ONE - 好きと言わせたい",
    "emoji": "🧥",
    "globalID": "2356",
    "setID": "214",
    "rarity": 15,
    "price": 10,
    "sellPrice": 10,
    "stats": {
      "level": 1,
      "xp": 0,
      "xp_for_next_level": 100,
      "ability": 100,
      "reputation": 100
    },
    "imageURL": "https://cdn.discordapp.com/attachments/1107296640529879060/1109528789995761754/sukito_hitomi.png"
  },
  {
    "name": "Hyewon",
    "group": "IZ\\*ONE",
    "single": "好きと言わせたい",
    "category": "jpre",
    "description": "IZ\\*ONE - 好きと言わせたい",
    "emoji": "🧥",
    "globalID": "2357",
    "setID": "214",
    "rarity": 15,
    "price": 10,
    "sellPrice": 10,
    "stats": {
      "level": 1,
      "xp": 0,
      "xp_for_next_level": 100,
      "ability": 100,
      "reputation": 100
    },
    "imageURL": "https://cdn.discordapp.com/attachments/1107296640529879060/1109528790373253160/sukito_hyewon.png"
  },
  {
    "name": "Minju",
    "group": "IZ\\*ONE",
    "single": "好きと言わせたい",
    "category": "jpre",
    "description": "IZ\\*ONE - 好きと言わせたい",
    "emoji": "🧥",
    "globalID": "2358",
    "setID": "214",
    "rarity": 15,
    "price": 10,
    "sellPrice": 10,
    "stats": {
      "level": 1,
      "xp": 0,
      "xp_for_next_level": 100,
      "ability": 100,
      "reputation": 100
    },
    "imageURL": "https://cdn.discordapp.com/attachments/1107296640529879060/1109528790712975430/sukito_minju.png"
  },
  {
    "name": "Nako",
    "group": "IZ\\*ONE",
    "single": "好きと言わせたい",
    "category": "jpre",
    "description": "IZ\\*ONE - 好きと言わせたい",
    "emoji": "🧥",
    "globalID": "2359",
    "setID": "214",
    "rarity": 15,
    "price": 10,
    "sellPrice": 10,
    "stats": {
      "level": 1,
      "xp": 0,
      "xp_for_next_level": 100,
      "ability": 100,
      "reputation": 100
    },
    "imageURL": "https://cdn.discordapp.com/attachments/1107296640529879060/1109528841594097664/sukito_nako.png"
  },
  {
    "name": "Sakura",
    "group": "IZ\\*ONE",
    "single": "好きと言わせたい",
    "category": "jpre",
    "description": "IZ\\*ONE - 好きと言わせたい",
    "emoji": "🧥",
    "globalID": "2360",
    "setID": "214",
    "rarity": 15,
    "price": 10,
    "sellPrice": 10,
    "stats": {
      "level": 1,
      "xp": 0,
      "xp_for_next_level": 100,
      "ability": 100,
      "reputation": 100
    },
    "imageURL": "https://cdn.discordapp.com/attachments/1107296640529879060/1109528841891889223/sukito_sakura.png"
  },
  {
    "name": "Wonyoung",
    "group": "IZ\\*ONE",
    "single": "好きと言わせたい",
    "category": "jpre",
    "description": "IZ\\*ONE - 好きと言わせたい",
    "emoji": "🧥",
    "globalID": "2361",
    "setID": "214",
    "rarity": 15,
    "price": 10,
    "sellPrice": 10,
    "stats": {
      "level": 1,
      "xp": 0,
      "xp_for_next_level": 100,
      "ability": 100,
      "reputation": 100
    },
    "imageURL": "https://cdn.discordapp.com/attachments/1107296640529879060/1109528842344878190/sukito_wonyoung.png"
  },
  {
    "name": "Yena",
    "group": "IZ\\*ONE",
    "single": "好きと言わせたい",
    "category": "jpre",
    "description": "IZ\\*ONE - 好きと言わせたい",
    "emoji": "🧥",
    "globalID": "2362",
    "setID": "214",
    "rarity": 15,
    "price": 10,
    "sellPrice": 10,
    "stats": {
      "level": 1,
      "xp": 0,
      "xp_for_next_level": 100,
      "ability": 100,
      "reputation": 100
    },
    "imageURL": "https://cdn.discordapp.com/attachments/1107296640529879060/1109528842751721502/sukito_yena.png"
  },
  {
    "name": "Yujin",
    "group": "IZ\\*ONE",
    "single": "好きと言わせたい",
    "category": "jpre",
    "description": "IZ\\*ONE - 好きと言わせたい",
    "emoji": "🧥",
    "globalID": "2363",
    "setID": "214",
    "rarity": 15,
    "price": 10,
    "sellPrice": 10,
    "stats": {
      "level": 1,
      "xp": 0,
      "xp_for_next_level": 100,
      "ability": 100,
      "reputation": 100
    },
    "imageURL": "https://cdn.discordapp.com/attachments/1107296640529879060/1109528843292790927/sukito_yujin.png"
  },
  {
    "name": "Yuri",
    "group": "IZ\\*ONE",
    "single": "好きと言わせたい",
    "category": "jpre",
    "description": "IZ\\*ONE - 好きと言わせたい",
    "emoji": "🧥",
    "globalID": "2364",
    "setID": "214",
    "rarity": 15,
    "price": 10,
    "sellPrice": 10,
    "stats": {
      "level": 1,
      "xp": 0,
      "xp_for_next_level": 100,
      "ability": 100,
      "reputation": 100
    },
    "imageURL": "https://cdn.discordapp.com/attachments/1107296640529879060/1109528843678654565/sukito_yuri.png"
  }
]