[
  {
    "name": "Chanmi",
    "group": "AOA CREAM",
    "single": "I'm Jelly BABY",
    "category": "unit",
    "description": "AOA CREAM - I'm Jelly BABY",
    "emoji": "🍨",
    "globalID": "2183",
    "setID": "236",
    "rarity": 21,
    "price": 10,
    "sellPrice": 10,
    "stats": {
      "level": 1,
      "xp": 0,
      "xp_for_next_level": 100,
      "ability": 100,
      "reputation": 100
    },
    "imageURL": "https://cdn.discordapp.com/attachments/906261481274867723/1081972549673562253/ijb_chanmi.png"
  },
  {
    "name": "Hyejeong",
    "group": "AOA CREAM",
    "single": "I'm Jelly BABY",
    "category": "unit",
    "description": "AOA CREAM - I'm Jelly BABY",
    "emoji": "🍨",
    "globalID": "2184",
    "setID": "236",
    "rarity": 21,
    "price": 10,
    "sellPrice": 10,
    "stats": {
      "level": 1,
      "xp": 0,
      "xp_for_next_level": 100,
      "ability": 100,
      "reputation": 100
    },
    "imageURL": "https://cdn.discordapp.com/attachments/906261481274867723/1081972549916823573/ijb_hyejeong.png"
  },
  {
    "name": "Yuna",
    "group": "AOA CREAM",
    "single": "I'm Jelly BABY",
    "category": "unit",
    "description": "AOA CREAM - I'm Jelly BABY",
    "emoji": "🍨",
    "globalID": "2185",
    "setID": "236",
    "rarity": 21,
    "price": 10,
    "sellPrice": 10,
    "stats": {
      "level": 1,
      "xp": 0,
      "xp_for_next_level": 100,
      "ability": 100,
      "reputation": 100
    },
    "imageURL": "https://cdn.discordapp.com/attachments/906261481274867723/1081972553133858887/ijb_yuna.png"
  },
  {
    "name": "Yuta",
    "group": "NCT U",
    "single": "Work It",
    "category": "nctu",
    "description": "NCT U - Work It",
    "emoji": "🕺",
    "globalID": "2151",
    "setID": "237",
    "rarity": 23,
    "price": 10,
    "sellPrice": 10,
    "stats": {
      "level": 1,
      "xp": 0,
      "xp_for_next_level": 100,
      "ability": 100,
      "reputation": 100
    },
    "imageURL": "https://cdn.discordapp.com/attachments/1014199645750186044/1079431262974001193/workit_yuta.png"
  },
  {
    "name": "Johnny",
    "group": "NCT U",
    "single": "Work It",
    "category": "nctu",
    "description": "NCT U - Work It",
    "emoji": "🕺",
    "globalID": "2148",
    "setID": "237",
    "rarity": 23,
    "price": 10,
    "sellPrice": 10,
    "stats": {
      "level": 1,
      "xp": 0,
      "xp_for_next_level": 100,
      "ability": 100,
      "reputation": 100
    },
    "imageURL": "https://cdn.discordapp.com/attachments/1014199645750186044/1079431262126743653/workit_johnny.png"
  },
  {
    "name": "Ten",
    "group": "NCT U",
    "single": "Work It",
    "category": "nctu",
    "description": "NCT U - Work It",
    "emoji": "🕺",
    "globalID": "2150",
    "setID": "237",
    "rarity": 23,
    "price": 10,
    "sellPrice": 10,
    "stats": {
      "level": 1,
      "xp": 0,
      "xp_for_next_level": 100,
      "ability": 100,
      "reputation": 100
    },
    "imageURL": "https://cdn.discordapp.com/attachments/1014199645750186044/1079431262634254457/workit_ten.png"
  },
  {
    "name": "Jisung",
    "group": "NCT U",
    "single": "Work It",
    "category": "nctu",
    "description": "NCT U - Work It",
    "emoji": "🕺",
    "globalID": "2147",
    "setID": "237",
    "rarity": 23,
    "price": 10,
    "sellPrice": 10,
    "stats": {
      "level": 1,
      "xp": 0,
      "xp_for_next_level": 100,
      "ability": 100,
      "reputation": 100
    },
    "imageURL": "https://cdn.discordapp.com/attachments/1014199645750186044/1079431261849915402/workit_jisung.png"
  },
  {
    "name": "Jungwoo",
    "group": "NCT U",
    "single": "Work It",
    "category": "nctu",
    "description": "NCT U - Work It",
    "emoji": "🕺",
    "globalID": "2149",
    "setID": "237",
    "rarity": 23,
    "price": 10,
    "sellPrice": 10,
    "stats": {
      "level": 1,
      "xp": 0,
      "xp_for_next_level": 100,
      "ability": 100,
      "reputation": 100
    },
    "imageURL": "https://cdn.discordapp.com/attachments/1014199645750186044/1079431262390992996/workit_jungwoo.png"
  },
  {
    "name": "Hendery",
    "group": "NCT U",
    "single": "Work It",
    "category": "nctu",
    "description": "NCT U - Work It",
    "emoji": "🕺",
    "globalID": "2145",
    "setID": "237",
    "rarity": 23,
    "price": 10,
    "sellPrice": 10,
    "stats": {
      "level": 1,
      "xp": 0,
      "xp_for_next_level": 100,
      "ability": 100,
      "reputation": 100
    },
    "imageURL": "https://cdn.discordapp.com/attachments/1014199645750186044/1079431261292073041/workit_hendery.png"
  },
  {
    "name": "Jaemin",
    "group": "NCT U",
    "single": "Work It",
    "category": "nctu",
    "description": "NCT U - Work It",
    "emoji": "🕺",
    "globalID": "2146",
    "setID": "237",
    "rarity": 23,
    "price": 10,
    "sellPrice": 10,
    "stats": {
      "level": 1,
      "xp": 0,
      "xp_for_next_level": 100,
      "ability": 100,
      "reputation": 100
    },
    "imageURL": "https://cdn.discordapp.com/attachments/1014199645750186044/1079431261552124034/workit_jaemin.png"
  },
  {
    "name": "Mark",
    "group": "NCT U",
    "single": "BOSS",
    "category": "nctu",
    "description": "NCT U - BOSS",
    "emoji": "💪",
    "globalID": "2142",
    "setID": "238",
    "rarity": 23,
    "price": 10,
    "sellPrice": 10,
    "stats": {
      "level": 1,
      "xp": 0,
      "xp_for_next_level": 100,
      "ability": 100,
      "reputation": 100
    },
    "imageURL": "https://cdn.discordapp.com/attachments/1014199645750186044/1079431151464222740/boss_mark.png"
  },
  {
    "name": "Jaehyun",
    "group": "NCT U",
    "single": "BOSS",
    "category": "nctu",
    "description": "NCT U - BOSS",
    "emoji": "💪",
    "globalID": "2139",
    "setID": "238",
    "rarity": 23,
    "price": 10,
    "sellPrice": 10,
    "stats": {
      "level": 1,
      "xp": 0,
      "xp_for_next_level": 100,
      "ability": 100,
      "reputation": 100
    },
    "imageURL": "https://cdn.discordapp.com/attachments/1014199645750186044/1079431150734413986/boss_jaehyun.png"
  },
  {
    "name": "Jungwoo",
    "group": "NCT U",
    "single": "BOSS",
    "category": "nctu",
    "description": "NCT U - BOSS",
    "emoji": "💪",
    "globalID": "2140",
    "setID": "238",
    "rarity": 23,
    "price": 10,
    "sellPrice": 10,
    "stats": {
      "level": 1,
      "xp": 0,
      "xp_for_next_level": 100,
      "ability": 100,
      "reputation": 100
    },
    "imageURL": "https://cdn.discordapp.com/attachments/1014199645750186044/1079431150986088458/boss_jungwoo.png"
  },
  {
    "name": "Winwin",
    "group": "NCT U",
    "single": "BOSS",
    "category": "nctu",
    "description": "NCT U - BOSS",
    "emoji": "💪",
    "globalID": "2144",
    "setID": "238",
    "rarity": 23,
    "price": 10,
    "sellPrice": 10,
    "stats": {
      "level": 1,
      "xp": 0,
      "xp_for_next_level": 100,
      "ability": 100,
      "reputation": 100
    },
    "imageURL": "https://cdn.discordapp.com/attachments/1014199645750186044/1079431151984328904/boss_winwin.png"
  },
  {
    "name": "Lucas",
    "group": "NCT U",
    "single": "BOSS",
    "category": "nctu",
    "description": "NCT U - BOSS",
    "emoji": "💪",
    "globalID": "2141",
    "setID": "238",
    "rarity": 23,
    "price": 10,
    "sellPrice": 10,
    "stats": {
      "level": 1,
      "xp": 0,
      "xp_for_next_level": 100,
      "ability": 100,
      "reputation": 100
    },
    "imageURL": "https://cdn.discordapp.com/attachments/1014199645750186044/1079431151246131310/boss_lucas.png"
  },
  {
    "name": "Taeyong",
    "group": "NCT U",
    "single": "BOSS",
    "category": "nctu",
    "description": "NCT U - BOSS",
    "emoji": "💪",
    "globalID": "2143",
    "setID": "238",
    "rarity": 23,
    "price": 10,
    "sellPrice": 10,
    "stats": {
      "level": 1,
      "xp": 0,
      "xp_for_next_level": 100,
      "ability": 100,
      "reputation": 100
    },
    "imageURL": "https://cdn.discordapp.com/attachments/1014199645750186044/1079431151699120150/boss_taeyong.png"
  },
  {
    "name": "Doyoung",
    "group": "NCT U",
    "single": "BOSS",
    "category": "nctu",
    "description": "NCT U - BOSS",
    "emoji": "💪",
    "globalID": "2138",
    "setID": "238",
    "rarity": 23,
    "price": 10,
    "sellPrice": 10,
    "stats": {
      "level": 1,
      "xp": 0,
      "xp_for_next_level": 100,
      "ability": 100,
      "reputation": 100
    },
    "imageURL": "https://cdn.discordapp.com/attachments/1014199645750186044/1079431150491156601/boss_doyoung.png"
  },
  {
    "name": "Dayeon",
    "group": "Kep1er",
    "single": "WA DA DA",
    "category": "mint",
    "description": "Kep1er - WA DA DA",
    "emoji": "🔭",
    "globalID": "2130",
    "setID": "239",
    "rarity": 24,
    "price": 10,
    "sellPrice": 10,
    "stats": {
      "level": 1,
      "xp": 0,
      "xp_for_next_level": 100,
      "ability": 100,
      "reputation": 100
    },
    "imageURL": "https://cdn.discordapp.com/attachments/1014199645750186044/1066078268341616670/Dayeon_Wadada.png"
  },
  {
    "name": "Yujin",
    "group": "Kep1er",
    "single": "WA DA DA",
    "category": "mint",
    "description": "Kep1er - WA DA DA",
    "emoji": "🔭",
    "globalID": "2136",
    "setID": "239",
    "rarity": 24,
    "price": 10,
    "sellPrice": 10,
    "stats": {
      "level": 1,
      "xp": 0,
      "xp_for_next_level": 100,
      "ability": 100,
      "reputation": 100
    },
    "imageURL": "https://cdn.discordapp.com/attachments/1014199645750186044/1066078267481796679/Yujin_Wadada.png"
  },
  {
    "name": "Hikaru",
    "group": "Kep1er",
    "single": "WA DA DA",
    "category": "mint",
    "description": "Kep1er - WA DA DA",
    "emoji": "🔭",
    "globalID": "2131",
    "setID": "239",
    "rarity": 24,
    "price": 10,
    "sellPrice": 10,
    "stats": {
      "level": 1,
      "xp": 0,
      "xp_for_next_level": 100,
      "ability": 100,
      "reputation": 100
    },
    "imageURL": "https://cdn.discordapp.com/attachments/1014199645750186044/1066078268677173359/Hikaru_Wadada.png"
  },
  {
    "name": "Chaehyun",
    "group": "Kep1er",
    "single": "WA DA DA",
    "category": "mint",
    "description": "Kep1er - WA DA DA",
    "emoji": "🔭",
    "globalID": "2129",
    "setID": "239",
    "rarity": 24,
    "price": 10,
    "sellPrice": 10,
    "stats": {
      "level": 1,
      "xp": 0,
      "xp_for_next_level": 100,
      "ability": 100,
      "reputation": 100
    },
    "imageURL": "https://cdn.discordapp.com/attachments/1014199645750186044/1066078267783782420/Chaehyun_Wadada.png"
  },
  {
    "name": "Huening Bahiyyih",
    "group": "Kep1er",
    "single": "WA DA DA",
    "category": "mint",
    "description": "Kep1er - WA DA DA",
    "emoji": "🔭",
    "globalID": "2132",
    "setID": "239",
    "rarity": 24,
    "price": 10,
    "sellPrice": 10,
    "stats": {
      "level": 1,
      "xp": 0,
      "xp_for_next_level": 100,
      "ability": 100,
      "reputation": 100
    },
    "imageURL": "https://cdn.discordapp.com/attachments/1014199645750186044/1066078266290602055/Huening_Bahiyyih_Wadada.png"
  },
  {
    "name": "Youngeun",
    "group": "Kep1er",
    "single": "WA DA DA",
    "category": "mint",
    "description": "Kep1er - WA DA DA",
    "emoji": "🔭",
    "globalID": "2135",
    "setID": "239",
    "rarity": 24,
    "price": 10,
    "sellPrice": 10,
    "stats": {
      "level": 1,
      "xp": 0,
      "xp_for_next_level": 100,
      "ability": 100,
      "reputation": 100
    },
    "imageURL": "https://cdn.discordapp.com/attachments/1014199645750186044/1066078267192377494/Youngeun_Wadada.png"
  },
  {
    "name": "Mashiro",
    "group": "Kep1er",
    "single": "WA DA DA",
    "category": "mint",
    "description": "Kep1er - WA DA DA",
    "emoji": "🔭",
    "globalID": "2133",
    "setID": "239",
    "rarity": 24,
    "price": 10,
    "sellPrice": 10,
    "stats": {
      "level": 1,
      "xp": 0,
      "xp_for_next_level": 100,
      "ability": 100,
      "reputation": 100
    },
    "imageURL": "https://cdn.discordapp.com/attachments/1014199645750186044/1066078266022178876/Mashiro_Wadada.png"
  },
  {
    "name": "Xiaoting",
    "group": "Kep1er",
    "single": "WA DA DA",
    "category": "mint",
    "description": "Kep1er - WA DA DA",
    "emoji": "🔭",
    "globalID": "2134",
    "setID": "239",
    "rarity": 24,
    "price": 10,
    "sellPrice": 10,
    "stats": {
      "level": 1,
      "xp": 0,
      "xp_for_next_level": 100,
      "ability": 100,
      "reputation": 100
    },
    "imageURL": "https://cdn.discordapp.com/attachments/1014199645750186044/1066078266554855494/Xiaoting_Wadada.png"
  },
  {
    "name": "Yeseo",
    "group": "Kep1er",
    "single": "WA DA DA",
    "category": "mint",
    "description": "Kep1er - WA DA DA",
    "emoji": "🔭",
    "globalID": "2137",
    "setID": "239",
    "rarity": 24,
    "price": 10,
    "sellPrice": 10,
    "stats": {
      "level": 1,
      "xp": 0,
      "xp_for_next_level": 100,
      "ability": 100,
      "reputation": 100
    },
    "imageURL": "https://cdn.discordapp.com/attachments/1014199645750186044/1066078266819092480/Yeseo_Wadada.png"
  },
  {
    "name": "Yuri",
    "group": "IZ\\*ONE",
    "single": "La Vie en Rose",
    "category": "mint",
    "description": "I\\*ZONE - La Vie en Rose",
    "emoji": "🌹",
    "globalID": "2128",
    "setID": "240",
    "rarity": 24,
    "price": 10,
    "sellPrice": 10,
    "stats": {
      "level": 1,
      "xp": 0,
      "xp_for_next_level": 100,
      "ability": 100,
      "reputation": 100
    },
    "imageURL": "https://cdn.discordapp.com/attachments/1014199645750186044/1066078378140127352/lavienrose_Yuri.png"
  },
  {
    "name": "Chaewon",
    "group": "IZ\\*ONE",
    "single": "La Vie en Rose",
    "category": "mint",
    "description": "I\\*ZONE - La Vie en Rose",
    "emoji": "🌹",
    "globalID": "2117",
    "setID": "240",
    "rarity": 24,
    "price": 10,
    "sellPrice": 10,
    "stats": {
      "level": 1,
      "xp": 0,
      "xp_for_next_level": 100,
      "ability": 100,
      "reputation": 100
    },
    "imageURL": "https://cdn.discordapp.com/attachments/1014199645750186044/1066078268953993397/lavienrose_Chaewon.png"
  },
  {
    "name": "Eunbi",
    "group": "IZ\\*ONE",
    "single": "La Vie en Rose",
    "category": "mint",
    "description": "I\\*ZONE - La Vie en Rose",
    "emoji": "🌹",
    "globalID": "2119",
    "setID": "240",
    "rarity": 24,
    "price": 10,
    "sellPrice": 10,
    "stats": {
      "level": 1,
      "xp": 0,
      "xp_for_next_level": 100,
      "ability": 100,
      "reputation": 100
    },
    "imageURL": "https://cdn.discordapp.com/attachments/1014199645750186044/1066078364160499722/lavienrose_Eunbi.png"
  },
  {
    "name": "Hitomi",
    "group": "IZ\\*ONE",
    "single": "La Vie en Rose",
    "category": "mint",
    "description": "I\\*ZONE - La Vie en Rose",
    "emoji": "🌹",
    "globalID": "2120",
    "setID": "240",
    "rarity": 24,
    "price": 10,
    "sellPrice": 10,
    "stats": {
      "level": 1,
      "xp": 0,
      "xp_for_next_level": 100,
      "ability": 100,
      "reputation": 100
    },
    "imageURL": "https://cdn.discordapp.com/attachments/1014199645750186044/1066078364437336135/lavienrose_Hitomi.png"
  },
  {
    "name": "Sakura",
    "group": "IZ\\*ONE",
    "single": "La Vie en Rose",
    "category": "mint",
    "description": "I\\*ZONE - La Vie en Rose",
    "emoji": "🌹",
    "globalID": "2124",
    "setID": "240",
    "rarity": 24,
    "price": 10,
    "sellPrice": 10,
    "stats": {
      "level": 1,
      "xp": 0,
      "xp_for_next_level": 100,
      "ability": 100,
      "reputation": 100
    },
    "imageURL": "https://cdn.discordapp.com/attachments/1014199645750186044/1066078365657866312/lavienrose_Sakura.png"
  },
  {
    "name": "Yujin",
    "group": "IZ\\*ONE",
    "single": "La Vie en Rose",
    "category": "mint",
    "description": "I\\*ZONE - La Vie en Rose",
    "emoji": "🌹",
    "globalID": "2127",
    "setID": "240",
    "rarity": 24,
    "price": 10,
    "sellPrice": 10,
    "stats": {
      "level": 1,
      "xp": 0,
      "xp_for_next_level": 100,
      "ability": 100,
      "reputation": 100
    },
    "imageURL": "https://cdn.discordapp.com/attachments/1014199645750186044/1066078366534475947/lavienrose_Yujin.png"
  },
  {
    "name": "Hyewon",
    "group": "IZ\\*ONE",
    "single": "La Vie en Rose",
    "category": "mint",
    "description": "I\\*ZONE - La Vie en Rose",
    "emoji": "🌹",
    "globalID": "2121",
    "setID": "240",
    "rarity": 24,
    "price": 10,
    "sellPrice": 10,
    "stats": {
      "level": 1,
      "xp": 0,
      "xp_for_next_level": 100,
      "ability": 100,
      "reputation": 100
    },
    "imageURL": "https://cdn.discordapp.com/attachments/1014199645750186044/1066078364760285214/lavienrose_Hyewon.png"
  },
  {
    "name": "Nako",
    "group": "IZ\\*ONE",
    "single": "La Vie en Rose",
    "category": "mint",
    "description": "I\\*ZONE - La Vie en Rose",
    "emoji": "🌹",
    "globalID": "2123",
    "setID": "240",
    "rarity": 24,
    "price": 10,
    "sellPrice": 10,
    "stats": {
      "level": 1,
      "xp": 0,
      "xp_for_next_level": 100,
      "ability": 100,
      "reputation": 100
    },
    "imageURL": "https://cdn.discordapp.com/attachments/1014199645750186044/1066078365334908928/lavienrose_Nako.png"
  },
  {
    "name": "Minju",
    "group": "IZ\\*ONE",
    "single": "La Vie en Rose",
    "category": "mint",
    "description": "I\\*ZONE - La Vie en Rose",
    "emoji": "🌹",
    "globalID": "2122",
    "setID": "240",
    "rarity": 24,
    "price": 10,
    "sellPrice": 10,
    "stats": {
      "level": 1,
      "xp": 0,
      "xp_for_next_level": 100,
      "ability": 100,
      "reputation": 100
    },
    "imageURL": "https://cdn.discordapp.com/attachments/1014199645750186044/1066078365066481754/lavienrose_Minju.png"
  },
  {
    "name": "Yena",
    "group": "IZ\\*ONE",
    "single": "La Vie en Rose",
    "category": "mint",
    "description": "I\\*ZONE - La Vie en Rose",
    "emoji": "🌹",
    "globalID": "2126",
    "setID": "240",
    "rarity": 24,
    "price": 10,
    "sellPrice": 10,
    "stats": {
      "level": 1,
      "xp": 0,
      "xp_for_next_level": 100,
      "ability": 100,
      "reputation": 100
    },
    "imageURL": "https://cdn.discordapp.com/attachments/1014199645750186044/1066078366278627418/lavienrose_Yena.png"
  },
  {
    "name": "Chaeyeon",
    "group": "IZ\\*ONE",
    "single": "La Vie en Rose",
    "category": "mint",
    "description": "I\\*ZONE - La Vie en Rose",
    "emoji": "🌹",
    "globalID": "2118",
    "setID": "240",
    "rarity": 24,
    "price": 10,
    "sellPrice": 10,
    "stats": {
      "level": 1,
      "xp": 0,
      "xp_for_next_level": 100,
      "ability": 100,
      "reputation": 100
    },
    "imageURL": "https://cdn.discordapp.com/attachments/1014199645750186044/1066078363866902620/lavienrose_Chaeyeon.png"
  },
  {
    "name": "Wonyoung",
    "group": "IZ\\*ONE",
    "single": "La Vie en Rose",
    "category": "mint",
    "description": "I\\*ZONE - La Vie en Rose",
    "emoji": "🌹",
    "globalID": "2125",
    "setID": "240",
    "rarity": 24,
    "price": 10,
    "sellPrice": 10,
    "stats": {
      "level": 1,
      "xp": 0,
      "xp_for_next_level": 100,
      "ability": 100,
      "reputation": 100
    },
    "imageURL": "https://cdn.discordapp.com/attachments/1014199645750186044/1066078365909536818/lavienrose_Wonyoung.png"
  },
  {
    "name": "Taeyeon",
    "group": "GOT the beat",
    "single": "Step Back",
    "category": "mint",
    "description": "GOT the beat - Step Back",
    "emoji": "😠️",
    "globalID": "2083",
    "setID": "242",
    "rarity": 26,
    "price": 10,
    "sellPrice": 10,
    "stats": {
      "level": 1,
      "xp": 0,
      "xp_for_next_level": 100,
      "ability": 100,
      "reputation": 100
    },
    "imageURL": "https://cdn.discordapp.com/attachments/1014199645750186044/1046093963414753341/stepback_taeyeon.png"
  },
  {
    "name": "Wendy",
    "group": "GOT the beat",
    "single": "Step Back",
    "category": "mint",
    "description": "GOT the beat - Step Back",
    "emoji": "😠️",
    "globalID": "2084",
    "setID": "242",
    "rarity": 26,
    "price": 10,
    "sellPrice": 10,
    "stats": {
      "level": 1,
      "xp": 0,
      "xp_for_next_level": 100,
      "ability": 100,
      "reputation": 100
    },
    "imageURL": "https://cdn.discordapp.com/attachments/1014199645750186044/1046093963750281216/stepback_wendy.png"
  },
  {
    "name": "Karina",
    "group": "GOT the beat",
    "single": "Step Back",
    "category": "mint",
    "description": "GOT the beat - Step Back",
    "emoji": "😠️",
    "globalID": "2081",
    "setID": "242",
    "rarity": 26,
    "price": 10,
    "sellPrice": 10,
    "stats": {
      "level": 1,
      "xp": 0,
      "xp_for_next_level": 100,
      "ability": 100,
      "reputation": 100
    },
    "imageURL": "https://cdn.discordapp.com/attachments/1014199645750186044/1046093962773008525/stepback_karina.png"
  },
  {
    "name": "Seulgi",
    "group": "GOT the beat",
    "single": "Step Back",
    "category": "mint",
    "description": "GOT the beat - Step Back",
    "emoji": "😠️",
    "globalID": "2082",
    "setID": "242",
    "rarity": 26,
    "price": 10,
    "sellPrice": 10,
    "stats": {
      "level": 1,
      "xp": 0,
      "xp_for_next_level": 100,
      "ability": 100,
      "reputation": 100
    },
    "imageURL": "https://cdn.discordapp.com/attachments/1014199645750186044/1046093963108548679/stepback_seulgi.png"
  },
  {
    "name": "Winter",
    "group": "GOT the beat",
    "single": "Step Back",
    "category": "mint",
    "description": "GOT the beat - Step Back",
    "emoji": "😠️",
    "globalID": "2085",
    "setID": "242",
    "rarity": 26,
    "price": 10,
    "sellPrice": 10,
    "stats": {
      "level": 1,
      "xp": 0,
      "xp_for_next_level": 100,
      "ability": 100,
      "reputation": 100
    },
    "imageURL": "https://cdn.discordapp.com/attachments/1014199645750186044/1046093964073238558/stepback_winter.png"
  },
  {
    "name": "BoA",
    "group": "GOT the beat",
    "single": "Step Back",
    "category": "mint",
    "description": "GOT the beat - Step Back",
    "emoji": "😠️",
    "globalID": "2079",
    "setID": "242",
    "rarity": 26,
    "price": 10,
    "sellPrice": 10,
    "stats": {
      "level": 1,
      "xp": 0,
      "xp_for_next_level": 100,
      "ability": 100,
      "reputation": 100
    },
    "imageURL": "https://cdn.discordapp.com/attachments/1014199645750186044/1046093962152247317/stepback_boa.png"
  },
  {
    "name": "Hyoyeon",
    "group": "GOT the beat",
    "single": "Step Back",
    "category": "mint",
    "description": "GOT the beat - Step Back",
    "emoji": "😠️",
    "globalID": "2080",
    "setID": "242",
    "rarity": 26,
    "price": 10,
    "sellPrice": 10,
    "stats": {
      "level": 1,
      "xp": 0,
      "xp_for_next_level": 100,
      "ability": 100,
      "reputation": 100
    },
    "imageURL": "https://cdn.discordapp.com/attachments/1014199645750186044/1046093962445869136/stepback_hyoyeon.png"
  },
  {
    "name": "Lucas",
    "group": "SuperM",
    "single": "Jopping",
    "category": "mint",
    "description": "SuperM - Jopping",
    "emoji": "🤸‍♂️",
    "globalID": "2074",
    "setID": "243",
    "rarity": 26,
    "price": 10,
    "sellPrice": 10,
    "stats": {
      "level": 1,
      "xp": 0,
      "xp_for_next_level": 100,
      "ability": 100,
      "reputation": 100
    },
    "imageURL": "https://cdn.discordapp.com/attachments/1014199645750186044/1046093904442839111/jopping_lucas.png"
  },
  {
    "name": "Baekhyun",
    "group": "SuperM",
    "single": "Jopping",
    "category": "mint",
    "description": "SuperM - Jopping",
    "emoji": "🤸‍♂️",
    "globalID": "2072",
    "setID": "243",
    "rarity": 26,
    "price": 10,
    "sellPrice": 10,
    "stats": {
      "level": 1,
      "xp": 0,
      "xp_for_next_level": 100,
      "ability": 100,
      "reputation": 100
    },
    "imageURL": "https://cdn.discordapp.com/attachments/1014199645750186044/1046093903843041310/jopping_baekhyun.png"
  },
  {
    "name": "Kai",
    "group": "SuperM",
    "single": "Jopping",
    "category": "mint",
    "description": "SuperM - Jopping",
    "emoji": "🤸‍♂️",
    "globalID": "2073",
    "setID": "243",
    "rarity": 26,
    "price": 10,
    "sellPrice": 10,
    "stats": {
      "level": 1,
      "xp": 0,
      "xp_for_next_level": 100,
      "ability": 100,
      "reputation": 100
    },
    "imageURL": "https://cdn.discordapp.com/attachments/1014199645750186044/1046093904149229640/jopping_kai.png"
  },
  {
    "name": "Taemin",
    "group": "SuperM",
    "single": "Jopping",
    "category": "mint",
    "description": "SuperM - Jopping",
    "emoji": "🤸‍♂️",
    "globalID": "2076",
    "setID": "243",
    "rarity": 26,
    "price": 10,
    "sellPrice": 10,
    "stats": {
      "level": 1,
      "xp": 0,
      "xp_for_next_level": 100,
      "ability": 100,
      "reputation": 100
    },
    "imageURL": "https://cdn.discordapp.com/attachments/1014199645750186044/1046093905034227752/jopping_taemin.png"
  },
  {
    "name": "Ten",
    "group": "SuperM",
    "single": "Jopping",
    "category": "mint",
    "description": "SuperM - Jopping",
    "emoji": "🤸‍♂️",
    "globalID": "2078",
    "setID": "243",
    "rarity": 26,
    "price": 10,
    "sellPrice": 10,
    "stats": {
      "level": 1,
      "xp": 0,
      "xp_for_next_level": 100,
      "ability": 100,
      "reputation": 100
    },
    "imageURL": "https://cdn.discordapp.com/attachments/1014199645750186044/1046093905650786444/jopping_ten.png"
  },
  {
    "name": "Taeyong",
    "group": "SuperM",
    "single": "Jopping",
    "category": "mint",
    "description": "SuperM - Jopping",
    "emoji": "🤸‍♂️",
    "globalID": "2077",
    "setID": "243",
    "rarity": 26,
    "price": 10,
    "sellPrice": 10,
    "stats": {
      "level": 1,
      "xp": 0,
      "xp_for_next_level": 100,
      "ability": 100,
      "reputation": 100
    },
    "imageURL": "https://cdn.discordapp.com/attachments/1014199645750186044/1046093905348808785/jopping_taeyong.png"
  },
  {
    "name": "Mark",
    "group": "SuperM",
    "single": "Jopping",
    "category": "mint",
    "description": "SuperM - Jopping",
    "emoji": "🤸‍♂️",
    "globalID": "2075",
    "setID": "243",
    "rarity": 26,
    "price": 10,
    "sellPrice": 10,
    "stats": {
      "level": 1,
      "xp": 0,
      "xp_for_next_level": 100,
      "ability": 100,
      "reputation": 100
    },
    "imageURL": "https://cdn.discordapp.com/attachments/1014199645750186044/1046093904749010984/jopping_mark.png"
  },
  {
    "name": "Jaehyun",
    "group": "NCT 2018",
    "single": "EMPATHY",
    "category": "mint",
    "description": "NCT 2018 - EMPATHY",
    "emoji": "🌈",
    "globalID": "2057",
    "setID": "244",
    "rarity": 27,
    "price": 10,
    "sellPrice": 10,
    "stats": {
      "level": 1,
      "xp": 0,
      "xp_for_next_level": 100,
      "ability": 100,
      "reputation": 100
    },
    "imageURL": "https://cdn.discordapp.com/attachments/1014199645750186044/1045074647441473586/empathy_jaehyun.png"
  },
  {
    "name": "Jaemin",
    "group": "NCT 2018",
    "single": "EMPATHY",
    "category": "mint",
    "description": "NCT 2018 - EMPATHY",
    "emoji": "🌈",
    "globalID": "2058",
    "setID": "244",
    "rarity": 27,
    "price": 10,
    "sellPrice": 10,
    "stats": {
      "level": 1,
      "xp": 0,
      "xp_for_next_level": 100,
      "ability": 100,
      "reputation": 100
    },
    "imageURL": "https://cdn.discordapp.com/attachments/1014199645750186044/1045074647777026148/empathy_jaemin.png"
  },
  {
    "name": "Jisung",
    "group": "NCT 2018",
    "single": "EMPATHY",
    "category": "mint",
    "description": "NCT 2018 - EMPATHY",
    "emoji": "🌈",
    "globalID": "2060",
    "setID": "244",
    "rarity": 27,
    "price": 10,
    "sellPrice": 10,
    "stats": {
      "level": 1,
      "xp": 0,
      "xp_for_next_level": 100,
      "ability": 100,
      "reputation": 100
    },
    "imageURL": "https://cdn.discordapp.com/attachments/1014199645750186044/1045074648544575508/empathy_jisung.png"
  },
  {
    "name": "Johnny",
    "group": "NCT 2018",
    "single": "EMPATHY",
    "category": "mint",
    "description": "NCT 2018 - EMPATHY",
    "emoji": "🌈",
    "globalID": "2061",
    "setID": "244",
    "rarity": 27,
    "price": 10,
    "sellPrice": 10,
    "stats": {
      "level": 1,
      "xp": 0,
      "xp_for_next_level": 100,
      "ability": 100,
      "reputation": 100
    },
    "imageURL": "https://cdn.discordapp.com/attachments/1014199645750186044/1045074648871739402/empathy_johnny.png"
  },
  {
    "name": "Yuta",
    "group": "NCT 2018",
    "single": "EMPATHY",
    "category": "mint",
    "description": "NCT 2018 - EMPATHY",
    "emoji": "🌈",
    "globalID": "2071",
    "setID": "244",
    "rarity": 27,
    "price": 10,
    "sellPrice": 10,
    "stats": {
      "level": 1,
      "xp": 0,
      "xp_for_next_level": 100,
      "ability": 100,
      "reputation": 100
    },
    "imageURL": "https://cdn.discordapp.com/attachments/1014199645750186044/1045074747106529320/empathy_yuta.png"
  },
  {
    "name": "Doyoung",
    "group": "NCT 2018",
    "single": "EMPATHY",
    "category": "mint",
    "description": "NCT 2018 - EMPATHY",
    "emoji": "🌈",
    "globalID": "2055",
    "setID": "244",
    "rarity": 27,
    "price": 10,
    "sellPrice": 10,
    "stats": {
      "level": 1,
      "xp": 0,
      "xp_for_next_level": 100,
      "ability": 100,
      "reputation": 100
    },
    "imageURL": "https://cdn.discordapp.com/attachments/1014199645750186044/1045074646762004661/empathy_doyoung.png"
  },
  {
    "name": "Kun",
    "group": "NCT 2018",
    "single": "EMPATHY",
    "category": "mint",
    "description": "NCT 2018 - EMPATHY",
    "emoji": "🌈",
    "globalID": "2063",
    "setID": "244",
    "rarity": 27,
    "price": 10,
    "sellPrice": 10,
    "stats": {
      "level": 1,
      "xp": 0,
      "xp_for_next_level": 100,
      "ability": 100,
      "reputation": 100
    },
    "imageURL": "https://cdn.discordapp.com/attachments/1014199645750186044/1045074649572180050/empathy_kun.png"
  },
  {
    "name": "Mark",
    "group": "NCT 2018",
    "single": "EMPATHY",
    "category": "mint",
    "description": "NCT 2018 - EMPATHY",
    "emoji": "🌈",
    "globalID": "2065",
    "setID": "244",
    "rarity": 27,
    "price": 10,
    "sellPrice": 10,
    "stats": {
      "level": 1,
      "xp": 0,
      "xp_for_next_level": 100,
      "ability": 100,
      "reputation": 100
    },
    "imageURL": "https://cdn.discordapp.com/attachments/1014199645750186044/1045074745151983626/empathy_mark.png"
  },
  {
    "name": "Haechan",
    "group": "NCT 2018",
    "single": "EMPATHY",
    "category": "mint",
    "description": "NCT 2018 - EMPATHY",
    "emoji": "🌈",
    "globalID": "2056",
    "setID": "244",
    "rarity": 27,
    "price": 10,
    "sellPrice": 10,
    "stats": {
      "level": 1,
      "xp": 0,
      "xp_for_next_level": 100,
      "ability": 100,
      "reputation": 100
    },
    "imageURL": "https://cdn.discordapp.com/attachments/1014199645750186044/1045074647072391300/empathy_haechan.png"
  },
  {
    "name": "Taeil",
    "group": "NCT 2018",
    "single": "EMPATHY",
    "category": "mint",
    "description": "NCT 2018 - EMPATHY",
    "emoji": "🌈",
    "globalID": "2067",
    "setID": "244",
    "rarity": 27,
    "price": 10,
    "sellPrice": 10,
    "stats": {
      "level": 1,
      "xp": 0,
      "xp_for_next_level": 100,
      "ability": 100,
      "reputation": 100
    },
    "imageURL": "https://cdn.discordapp.com/attachments/1014199645750186044/1045074745835671634/empathy_taeil.png"
  },
  {
    "name": "Jungwoo",
    "group": "NCT 2018",
    "single": "EMPATHY",
    "category": "mint",
    "description": "NCT 2018 - EMPATHY",
    "emoji": "🌈",
    "globalID": "2062",
    "setID": "244",
    "rarity": 27,
    "price": 10,
    "sellPrice": 10,
    "stats": {
      "level": 1,
      "xp": 0,
      "xp_for_next_level": 100,
      "ability": 100,
      "reputation": 100
    },
    "imageURL": "https://cdn.discordapp.com/attachments/1014199645750186044/1045074649123405886/empathy_jungwoo.png"
  },
  {
    "name": "Renjun",
    "group": "NCT 2018",
    "single": "EMPATHY",
    "category": "mint",
    "description": "NCT 2018 - EMPATHY",
    "emoji": "🌈",
    "globalID": "2066",
    "setID": "244",
    "rarity": 27,
    "price": 10,
    "sellPrice": 10,
    "stats": {
      "level": 1,
      "xp": 0,
      "xp_for_next_level": 100,
      "ability": 100,
      "reputation": 100
    },
    "imageURL": "https://cdn.discordapp.com/attachments/1014199645750186044/1045074745474957393/empathy_renjun.png"
  },
  {
    "name": "Chenle",
    "group": "NCT 2018",
    "single": "EMPATHY",
    "category": "mint",
    "description": "NCT 2018 - EMPATHY",
    "emoji": "🌈",
    "globalID": "2054",
    "setID": "244",
    "rarity": 27,
    "price": 10,
    "sellPrice": 10,
    "stats": {
      "level": 1,
      "xp": 0,
      "xp_for_next_level": 100,
      "ability": 100,
      "reputation": 100
    },
    "imageURL": "https://cdn.discordapp.com/attachments/1014199645750186044/1045074646418063420/empathy_chenle.png"
  },
  {
    "name": "Jeno",
    "group": "NCT 2018",
    "single": "EMPATHY",
    "category": "mint",
    "description": "NCT 2018 - EMPATHY",
    "emoji": "🌈",
    "globalID": "2059",
    "setID": "244",
    "rarity": 27,
    "price": 10,
    "sellPrice": 10,
    "stats": {
      "level": 1,
      "xp": 0,
      "xp_for_next_level": 100,
      "ability": 100,
      "reputation": 100
    },
    "imageURL": "https://cdn.discordapp.com/attachments/1014199645750186044/1045074648204853248/empathy_jeno.png"
  },
  {
    "name": "Lucas",
    "group": "NCT 2018",
    "single": "EMPATHY",
    "category": "mint",
    "description": "NCT 2018 - EMPATHY",
    "emoji": "🌈",
    "globalID": "2064",
    "setID": "244",
    "rarity": 27,
    "price": 10,
    "sellPrice": 10,
    "stats": {
      "level": 1,
      "xp": 0,
      "xp_for_next_level": 100,
      "ability": 100,
      "reputation": 100
    },
    "imageURL": "https://cdn.discordapp.com/attachments/1014199645750186044/1045074744803872878/empathy_lucas.png"
  },
  {
    "name": "Taeyong",
    "group": "NCT 2018",
    "single": "EMPATHY",
    "category": "mint",
    "description": "NCT 2018 - EMPATHY",
    "emoji": "🌈",
    "globalID": "2068",
    "setID": "244",
    "rarity": 27,
    "price": 10,
    "sellPrice": 10,
    "stats": {
      "level": 1,
      "xp": 0,
      "xp_for_next_level": 100,
      "ability": 100,
      "reputation": 100
    },
    "imageURL": "https://cdn.discordapp.com/attachments/1014199645750186044/1045074746179588239/empathy_taeyong.png"
  },
  {
    "name": "Ten",
    "group": "NCT 2018",
    "single": "EMPATHY",
    "category": "mint",
    "description": "NCT 2018 - EMPATHY",
    "emoji": "🌈",
    "globalID": "2069",
    "setID": "244",
    "rarity": 27,
    "price": 10,
    "sellPrice": 10,
    "stats": {
      "level": 1,
      "xp": 0,
      "xp_for_next_level": 100,
      "ability": 100,
      "reputation": 100
    },
    "imageURL": "https://cdn.discordapp.com/attachments/1014199645750186044/1045074746506756227/empathy_ten.png"
  },
  {
    "name": "Winwin",
    "group": "NCT 2018",
    "single": "EMPATHY",
    "category": "mint",
    "description": "NCT 2018 - EMPATHY",
    "emoji": "🌈",
    "globalID": "2070",
    "setID": "244",
    "rarity": 27,
    "price": 10,
    "sellPrice": 10,
    "stats": {
      "level": 1,
      "xp": 0,
      "xp_for_next_level": 100,
      "ability": 100,
      "reputation": 100
    },
    "imageURL": "https://cdn.discordapp.com/attachments/1014199645750186044/1045074746796167188/empathy_winwin.png"
  },
  {
    "name": "Lucas",
    "group": "NCT U",
    "single": "Make a Wish",
    "category": "nctu",
    "description": "Event - NCT U",
    "emoji": "🧞",
    "globalID": "2049",
    "setID": "245",
    "rarity": 28,
    "price": 10,
    "sellPrice": 10,
    "stats": {
      "level": 1,
      "xp": 0,
      "xp_for_next_level": 100,
      "ability": 100,
      "reputation": 100
    },
    "imageURL": "https://cdn.discordapp.com/attachments/1014199645750186044/1031345992328552531/maw_lucas.png"
  },
  {
    "name": "Shotaro",
    "group": "NCT U",
    "single": "Make a Wish",
    "category": "nctu",
    "description": "Event - NCT U",
    "emoji": "🧞",
    "globalID": "2050",
    "setID": "245",
    "rarity": 28,
    "price": 10,
    "sellPrice": 10,
    "stats": {
      "level": 1,
      "xp": 0,
      "xp_for_next_level": 100,
      "ability": 100,
      "reputation": 100
    },
    "imageURL": "https://cdn.discordapp.com/attachments/1014199645750186044/1031345992672489492/maw_shotaro.png"
  },
  {
    "name": "Doyoung",
    "group": "NCT U",
    "single": "Make a Wish",
    "category": "nctu",
    "description": "Event - NCT U",
    "emoji": "🧞",
    "globalID": "2046",
    "setID": "245",
    "rarity": 28,
    "price": 10,
    "sellPrice": 10,
    "stats": {
      "level": 1,
      "xp": 0,
      "xp_for_next_level": 100,
      "ability": 100,
      "reputation": 100
    },
    "imageURL": "https://cdn.discordapp.com/attachments/1014199645750186044/1031345991217061899/maw_doyoung.png"
  },
  {
    "name": "Xiaojun",
    "group": "NCT U",
    "single": "Make a Wish",
    "category": "nctu",
    "description": "Event - NCT U",
    "emoji": "🧞",
    "globalID": "2052",
    "setID": "245",
    "rarity": 28,
    "price": 10,
    "sellPrice": 10,
    "stats": {
      "level": 1,
      "xp": 0,
      "xp_for_next_level": 100,
      "ability": 100,
      "reputation": 100
    },
    "imageURL": "https://cdn.discordapp.com/attachments/1014199645750186044/1031345993255493652/maw_xiaojun.png"
  },
  {
    "name": "Jaehyun",
    "group": "NCT U",
    "single": "Make a Wish",
    "category": "nctu",
    "description": "Event - NCT U",
    "emoji": "🧞",
    "globalID": "2047",
    "setID": "245",
    "rarity": 28,
    "price": 10,
    "sellPrice": 10,
    "stats": {
      "level": 1,
      "xp": 0,
      "xp_for_next_level": 100,
      "ability": 100,
      "reputation": 100
    },
    "imageURL": "https://cdn.discordapp.com/attachments/1014199645750186044/1031345991598747668/maw_jaehyun.png"
  },
  {
    "name": "Jaemin",
    "group": "NCT U",
    "single": "Make a Wish",
    "category": "nctu",
    "description": "Event - NCT U",
    "emoji": "🧞",
    "globalID": "2048",
    "setID": "245",
    "rarity": 28,
    "price": 10,
    "sellPrice": 10,
    "stats": {
      "level": 1,
      "xp": 0,
      "xp_for_next_level": 100,
      "ability": 100,
      "reputation": 100
    },
    "imageURL": "https://cdn.discordapp.com/attachments/1014199645750186044/1031345991930097775/maw_jaemin.png"
  },
  {
    "name": "Taeyong",
    "group": "NCT U",
    "single": "Make a Wish",
    "category": "nctu",
    "description": "Event - NCT U",
    "emoji": "🧞",
    "globalID": "2051",
    "setID": "245",
    "rarity": 28,
    "price": 10,
    "sellPrice": 10,
    "stats": {
      "level": 1,
      "xp": 0,
      "xp_for_next_level": 100,
      "ability": 100,
      "reputation": 100
    },
    "imageURL": "https://cdn.discordapp.com/attachments/1014199645750186044/1031345992966078504/maw_taeyong.png"
  },
  {
    "name": "Mark",
    "group": "NCT U",
    "single": "90's Love",
    "category": "nctu",
    "description": "Event - NCT U",
    "emoji": "🏒",
    "globalID": "2041",
    "setID": "246",
    "rarity": 28,
    "price": 10,
    "sellPrice": 10,
    "stats": {
      "level": 1,
      "xp": 0,
      "xp_for_next_level": 100,
      "ability": 100,
      "reputation": 100
    },
    "imageURL": "https://cdn.discordapp.com/attachments/1014199645750186044/1031345941552320562/90slove_mark.png"
  },
  {
    "name": "Haechan",
    "group": "NCT U",
    "single": "90's Love",
    "category": "nctu",
    "description": "Event - NCT U",
    "emoji": "🏒",
    "globalID": "2053",
    "setID": "246",
    "rarity": 28,
    "price": 10,
    "sellPrice": 10,
    "stats": {
      "level": 1,
      "xp": 0,
      "xp_for_next_level": 100,
      "ability": 100,
      "reputation": 100
    },
    "imageURL": "https://cdn.discordapp.com/attachments/1014199645750186044/1031532687686635560/90slove_haechan.png"
  },
  {
    "name": "Jeno",
    "group": "NCT U",
    "single": "90's Love",
    "category": "nctu",
    "description": "Event - NCT U",
    "emoji": "🏒",
    "globalID": "2040",
    "setID": "246",
    "rarity": 28,
    "price": 10,
    "sellPrice": 10,
    "stats": {
      "level": 1,
      "xp": 0,
      "xp_for_next_level": 100,
      "ability": 100,
      "reputation": 100
    },
    "imageURL": "https://cdn.discordapp.com/attachments/1014199645750186044/1031345940990279810/90slove_jeno.png"
  },
  {
    "name": "Winwin",
    "group": "NCT U",
    "single": "90's Love",
    "category": "nctu",
    "description": "Event - NCT U",
    "emoji": "🏒",
    "globalID": "2044",
    "setID": "246",
    "rarity": 28,
    "price": 10,
    "sellPrice": 10,
    "stats": {
      "level": 1,
      "xp": 0,
      "xp_for_next_level": 100,
      "ability": 100,
      "reputation": 100
    },
    "imageURL": "https://cdn.discordapp.com/attachments/1014199645750186044/1031345942684782643/90slove_winwin.png"
  },
  {
    "name": "Ten",
    "group": "NCT U",
    "single": "90's Love",
    "category": "nctu",
    "description": "Event - NCT U",
    "emoji": "🏒",
    "globalID": "2043",
    "setID": "246",
    "rarity": 28,
    "price": 10,
    "sellPrice": 10,
    "stats": {
      "level": 1,
      "xp": 0,
      "xp_for_next_level": 100,
      "ability": 100,
      "reputation": 100
    },
    "imageURL": "https://cdn.discordapp.com/attachments/1014199645750186044/1031345942345039932/90slove_ten.png"
  },
  {
    "name": "Sungchan",
    "group": "NCT U",
    "single": "90's Love",
    "category": "nctu",
    "description": "Event - NCT U",
    "emoji": "🏒",
    "globalID": "2042",
    "setID": "246",
    "rarity": 28,
    "price": 10,
    "sellPrice": 10,
    "stats": {
      "level": 1,
      "xp": 0,
      "xp_for_next_level": 100,
      "ability": 100,
      "reputation": 100
    },
    "imageURL": "https://cdn.discordapp.com/attachments/1014199645750186044/1031345941946585119/90slove_sungchan.png"
  },
  {
    "name": "Yangyang",
    "group": "NCT U",
    "single": "90's Love",
    "category": "nctu",
    "description": "Event - NCT U",
    "emoji": "🏒",
    "globalID": "2045",
    "setID": "246",
    "rarity": 28,
    "price": 10,
    "sellPrice": 10,
    "stats": {
      "level": 1,
      "xp": 0,
      "xp_for_next_level": 100,
      "ability": 100,
      "reputation": 100
    },
    "imageURL": "https://cdn.discordapp.com/attachments/1014199645750186044/1031345943108407397/90slove_yangyang.png"
  }
]