[
  {
    "name": "Hongjoong",
    "group": "Ritsuka",
    "single": "BDAY23",
    "category": "bday",
    "description": "Maira - BDAY23",
    "emoji": "🐈",
    "globalID": "2207",
    "setID": "230",
    "rarity": 20,
    "price": 10,
    "sellPrice": 10,
    "stats": {
      "level": 1,
      "xp": 0,
      "xp_for_next_level": 100,
      "ability": 100,
      "reputation": 100
    },
    "imageURL": "https://cdn.discordapp.com/attachments/906261481274867723/1087028722034552953/bday_hongjoong.png"
  },
  {
    "name": "The8",
    "group": "Ritsuka",
    "single": "BDAY23",
    "category": "bday",
    "description": "Ritsuka - BDAY23",
    "emoji": "🐈",
    "globalID": "2208",
    "setID": "230",
    "rarity": 20,
    "price": 10,
    "sellPrice": 10,
    "stats": {
      "level": 1,
      "xp": 0,
      "xp_for_next_level": 100,
      "ability": 100,
      "reputation": 100
    },
    "imageURL": "https://cdn.discordapp.com/attachments/906261481274867723/1087028722382688286/bday_the8.png"
  },
  {
    "name": "Wonhyuk",
    "group": "Ritsuka",
    "single": "BDAY23",
    "category": "bday",
    "description": "Ritsuka - BDAY23",
    "emoji": "🐈",
    "globalID": "2209",
    "setID": "230",
    "rarity": 20,
    "price": 10,
    "sellPrice": 10,
    "stats": {
      "level": 1,
      "xp": 0,
      "xp_for_next_level": 100,
      "ability": 100,
      "reputation": 100
    },
    "imageURL": "https://cdn.discordapp.com/attachments/906261481274867723/1087028722810499152/bday_wonhyuk.png"
  },
  {
    "name": "Jinyoung",
    "group": "Ritsuka",
    "single": "BDAY23",
    "category": "bday",
    "description": "Ritsuka - BDAY23",
    "emoji": "🐈",
    "globalID": "2214",
    "setID": "230",
    "rarity": 20,
    "price": 10,
    "sellPrice": 10,
    "stats": {
      "level": 1,
      "xp": 0,
      "xp_for_next_level": 100,
      "ability": 100,
      "reputation": 100
    },
    "imageURL": "https://cdn.discordapp.com/attachments/906261481274867723/1087028724953788496/bday_jinyoung.png"
  },
  {
    "name": "Hyunsuk",
    "group": "Ritsuka",
    "single": "BDAY23",
    "category": "bday",
    "description": "Ritsuka - BDAY23",
    "emoji": "🐈",
    "globalID": "2211",
    "setID": "230",
    "rarity": 20,
    "price": 10,
    "sellPrice": 10,
    "stats": {
      "level": 1,
      "xp": 0,
      "xp_for_next_level": 100,
      "ability": 100,
      "reputation": 100
    },
    "imageURL": "https://cdn.discordapp.com/attachments/906261481274867723/1087028723661951026/bday_hyunsuk.png"
  },
  {
    "name": "Ravn",
    "group": "Ritsuka",
    "single": "BDAY23",
    "category": "bday",
    "description": "Ritsuka - BDAY23",
    "emoji": "🐈",
    "globalID": "2212",
    "setID": "230",
    "rarity": 20,
    "price": 10,
    "sellPrice": 10,
    "stats": {
      "level": 1,
      "xp": 0,
      "xp_for_next_level": 100,
      "ability": 100,
      "reputation": 100
    },
    "imageURL": "https://cdn.discordapp.com/attachments/906261481274867723/1087028724093956277/bday_ravn.png"
  },
  {
    "name": "Seokhwa",
    "group": "Ritsuka",
    "single": "BDAY23",
    "category": "bday",
    "description": "Ritsuka - BDAY23",
    "emoji": "🐈",
    "globalID": "2215",
    "setID": "230",
    "rarity": 20,
    "price": 10,
    "sellPrice": 10,
    "stats": {
      "level": 1,
      "xp": 0,
      "xp_for_next_level": 100,
      "ability": 100,
      "reputation": 100
    },
    "imageURL": "https://cdn.discordapp.com/attachments/906261481274867723/1087028725348044991/bday_seokhwa.png"
  },
  {
    "name": "Seonghwa",
    "group": "Ritsuka",
    "single": "BDAY23",
    "category": "bday",
    "description": "Maira - BDAY23",
    "emoji": "🐈",
    "globalID": "2206",
    "setID": "230",
    "rarity": 20,
    "price": 10,
    "sellPrice": 10,
    "stats": {
      "level": 1,
      "xp": 0,
      "xp_for_next_level": 100,
      "ability": 100,
      "reputation": 100
    },
    "imageURL": "https://cdn.discordapp.com/attachments/906261481274867723/1087028721740959814/bday_seonghwa.png"
  },
  {
    "name": "Theo",
    "group": "Ritsuka",
    "single": "BDAY23",
    "category": "bday",
    "description": "Ritsuka - BDAY23",
    "emoji": "🐈",
    "globalID": "2210",
    "setID": "230",
    "rarity": 20,
    "price": 10,
    "sellPrice": 10,
    "stats": {
      "level": 1,
      "xp": 0,
      "xp_for_next_level": 100,
      "ability": 100,
      "reputation": 100
    },
    "imageURL": "https://cdn.discordapp.com/attachments/906261481274867723/1087028723330584707/bday_theo.png"
  },
  {
    "name": "Sunoo",
    "group": "Ritsuka",
    "single": "BDAY23",
    "category": "bday",
    "description": "Ritsuka - BDAY23",
    "emoji": "🐈",
    "globalID": "2213",
    "setID": "230",
    "rarity": 20,
    "price": 10,
    "sellPrice": 10,
    "stats": {
      "level": 1,
      "xp": 0,
      "xp_for_next_level": 100,
      "ability": 100,
      "reputation": 100
    },
    "imageURL": "https://cdn.discordapp.com/attachments/906261481274867723/1087028724609847387/bday_sunoo.png"
  },
  {
    "name": "Hoshi",
    "group": "Maira",
    "single": "BDAY23",
    "category": "bday",
    "description": "Maira - BDAY23",
    "emoji": "🦉",
    "globalID": "2199",
    "setID": "231",
    "rarity": 20,
    "price": 10,
    "sellPrice": 10,
    "stats": {
      "level": 1,
      "xp": 0,
      "xp_for_next_level": 100,
      "ability": 100,
      "reputation": 100
    },
    "imageURL": "https://cdn.discordapp.com/attachments/1014199645750186044/1087026599561531392/bday_Hoshi.png"
  },
  {
    "name": "Jungwon",
    "group": "Maira",
    "single": "BDAY23",
    "category": "bday",
    "description": "Maira - BDAY23",
    "emoji": "🦉",
    "globalID": "2201",
    "setID": "231",
    "rarity": 20,
    "price": 10,
    "sellPrice": 10,
    "stats": {
      "level": 1,
      "xp": 0,
      "xp_for_next_level": 100,
      "ability": 100,
      "reputation": 100
    },
    "imageURL": "https://cdn.discordapp.com/attachments/1014199645750186044/1087026600140345454/bday_Jungwon.png"
  },
  {
    "name": "Minseo",
    "group": "Maira",
    "single": "BDAY23",
    "category": "bday",
    "description": "Maira - BDAY23",
    "emoji": "🦉",
    "globalID": "2202",
    "setID": "231",
    "rarity": 20,
    "price": 10,
    "sellPrice": 10,
    "stats": {
      "level": 1,
      "xp": 0,
      "xp_for_next_level": 100,
      "ability": 100,
      "reputation": 100
    },
    "imageURL": "https://cdn.discordapp.com/attachments/1014199645750186044/1087026600425562122/bday_Minseo.png"
  },
  {
    "name": "Yeji",
    "group": "Maira",
    "single": "BDAY23",
    "category": "bday",
    "description": "Maira - BDAY23",
    "emoji": "🦉",
    "globalID": "2204",
    "setID": "231",
    "rarity": 20,
    "price": 10,
    "sellPrice": 10,
    "stats": {
      "level": 1,
      "xp": 0,
      "xp_for_next_level": 100,
      "ability": 100,
      "reputation": 100
    },
    "imageURL": "https://cdn.discordapp.com/attachments/1014199645750186044/1087026601075675166/bday_Yeji.png"
  },
  {
    "name": "Haechan",
    "group": "Maira",
    "single": "BDAY23",
    "category": "bday",
    "description": "Maira - BDAY23",
    "emoji": "🦉",
    "globalID": "2197",
    "setID": "231",
    "rarity": 20,
    "price": 10,
    "sellPrice": 10,
    "stats": {
      "level": 1,
      "xp": 0,
      "xp_for_next_level": 100,
      "ability": 100,
      "reputation": 100
    },
    "imageURL": "https://cdn.discordapp.com/attachments/1014199645750186044/1087026599024664676/bday_Haechan.png"
  },
  {
    "name": "Yunjin",
    "group": "Maira",
    "single": "BDAY23",
    "category": "bday",
    "description": "Maira - BDAY23",
    "emoji": "🦉",
    "globalID": "2205",
    "setID": "231",
    "rarity": 20,
    "price": 10,
    "sellPrice": 10,
    "stats": {
      "level": 1,
      "xp": 0,
      "xp_for_next_level": 100,
      "ability": 100,
      "reputation": 100
    },
    "imageURL": "https://cdn.discordapp.com/attachments/1014199645750186044/1087026601348309032/bday_Yunjin.png"
  },
  {
    "name": "Intak",
    "group": "Maira",
    "single": "BDAY23",
    "category": "bday",
    "description": "Maira - BDAY23",
    "emoji": "🦉",
    "globalID": "2200",
    "setID": "231",
    "rarity": 20,
    "price": 10,
    "sellPrice": 10,
    "stats": {
      "level": 1,
      "xp": 0,
      "xp_for_next_level": 100,
      "ability": 100,
      "reputation": 100
    },
    "imageURL": "https://cdn.discordapp.com/attachments/1014199645750186044/1087026599829983384/bday_Intak.png"
  },
  {
    "name": "Haerin",
    "group": "Maira",
    "single": "BDAY23",
    "category": "bday",
    "description": "Maira - BDAY23",
    "emoji": "🦉",
    "globalID": "2198",
    "setID": "231",
    "rarity": 20,
    "price": 10,
    "sellPrice": 10,
    "stats": {
      "level": 1,
      "xp": 0,
      "xp_for_next_level": 100,
      "ability": 100,
      "reputation": 100
    },
    "imageURL": "https://cdn.discordapp.com/attachments/1014199645750186044/1087026599272140820/bday_Haerin.png"
  },
  {
    "name": "Doyoung",
    "group": "Maira",
    "single": "BDAY23",
    "category": "bday",
    "description": "Maira - BDAY23",
    "emoji": "🦉",
    "globalID": "2196",
    "setID": "231",
    "rarity": 20,
    "price": 10,
    "sellPrice": 10,
    "stats": {
      "level": 1,
      "xp": 0,
      "xp_for_next_level": 100,
      "ability": 100,
      "reputation": 100
    },
    "imageURL": "https://cdn.discordapp.com/attachments/1014199645750186044/1087026598798168124/bday_Doyoung.png"
  },
  {
    "name": "Taehyun",
    "group": "Maira",
    "single": "BDAY23",
    "category": "bday",
    "description": "Maira - BDAY23",
    "emoji": "🦉",
    "globalID": "2203",
    "setID": "231",
    "rarity": 20,
    "price": 10,
    "sellPrice": 10,
    "stats": {
      "level": 1,
      "xp": 0,
      "xp_for_next_level": 100,
      "ability": 100,
      "reputation": 100
    },
    "imageURL": "https://cdn.discordapp.com/attachments/1014199645750186044/1087026600731758613/bday_Taehyun.png"
  }
]