[
  {
    "name": "Lisa",
    "group": "HOLO",
    "single": "BLɅϽKPIИK",
    "category": "holo",
    "description": "Special - Holo",
    "emoji": "✨",
    "globalID": "1020",
    "setID": "101",
    "rarity": 101,
    "price": 2500,
    "sellPrice": 10,
    "stats": {
      "level": 1,
      "xp": 0,
      "xp_for_next_level": 100,
      "ability": 100,
      "reputation": 100
    },
    "imageURL": "https://cdn.discordapp.com/attachments/1014199645750186044/1096874257885184020/hololisa.gif"
  },
  {
    "name": "Taeyeon",
    "group": "HOLO",
    "single": "Girls' Generation",
    "category": "holo",
    "description": "Special - Holo",
    "emoji": "✨",
    "globalID": "1003",
    "setID": "101",
    "rarity": 101,
    "price": 2500,
    "sellPrice": 10,
    "stats": {
      "level": 1,
      "xp": 0,
      "xp_for_next_level": 100,
      "ability": 100,
      "reputation": 100
    },
    "imageURL": "https://cdn.discordapp.com/attachments/1014199645750186044/1096874262033350726/holotaeyeon.gif"
  },
  {
    "name": "San",
    "group": "HOLO",
    "single": "ATEEZ",
    "category": "holo",
    "description": "Special - Holo",
    "emoji": "✨",
    "globalID": "1007",
    "setID": "101",
    "rarity": 101,
    "price": 2500,
    "sellPrice": 10,
    "stats": {
      "level": 1,
      "xp": 0,
      "xp_for_next_level": 100,
      "ability": 100,
      "reputation": 100
    },
    "imageURL": "https://cdn.discordapp.com/attachments/1014199645750186044/1101869134276468847/holosan.gif"
  },
  {
    "name": "Seulgi",
    "group": "HOLO",
    "single": "Red Velvet",
    "category": "holo",
    "description": "Special - Holo",
    "emoji": "✨",
    "globalID": "1008",
    "setID": "101",
    "rarity": 101,
    "price": 2500,
    "sellPrice": 10,
    "stats": {
      "level": 1,
      "xp": 0,
      "xp_for_next_level": 100,
      "ability": 100,
      "reputation": 100
    },
    "imageURL": "https://cdn.discordapp.com/attachments/1014199645750186044/1101869134683308194/holoseulgi.gif"
  },
  {
    "name": "Baekhyun",
    "group": "HOLO",
    "single": "EXO",
    "category": "holo",
    "description": "Special - Holo",
    "emoji": "✨",
    "globalID": "1013",
    "setID": "101",
    "rarity": 101,
    "price": 2500,
    "sellPrice": 10,
    "stats": {
      "level": 1,
      "xp": 0,
      "xp_for_next_level": 100,
      "ability": 100,
      "reputation": 100
    },
    "imageURL": "https://cdn.discordapp.com/attachments/1014199645750186044/1096874255939018912/holobaekhyun.gif"
  },
  {
    "name": "Sullyoon",
    "group": "HOLO",
    "single": "NMIXX",
    "category": "holo",
    "description": "Special - Holo",
    "emoji": "✨",
    "globalID": "1015",
    "setID": "101",
    "rarity": 101,
    "price": 2500,
    "sellPrice": 10,
    "stats": {
      "level": 1,
      "xp": 0,
      "xp_for_next_level": 100,
      "ability": 100,
      "reputation": 100
    },
    "imageURL": "https://cdn.discordapp.com/attachments/1014199645750186044/1101869135115329566/holosullyoon.gif"
  },
  {
    "name": "Jisung",
    "group": "HOLO",
    "single": "NCT",
    "category": "holo",
    "description": "Special - Holo",
    "emoji": "✨",
    "globalID": "1018",
    "setID": "101",
    "rarity": 101,
    "price": 2500,
    "sellPrice": 10,
    "stats": {
      "level": 1,
      "xp": 0,
      "xp_for_next_level": 100,
      "ability": 100,
      "reputation": 100
    },
    "imageURL": "https://cdn.discordapp.com/attachments/1014199645750186044/1096874256673030204/holojisung.gif"
  },
  {
    "name": "Juyeon",
    "group": "HOLO",
    "single": "THE BOYZ",
    "category": "holo",
    "description": "Special - Holo",
    "emoji": "✨",
    "globalID": "1001",
    "setID": "101",
    "rarity": 101,
    "price": 2500,
    "sellPrice": 10,
    "stats": {
      "level": 1,
      "xp": 0,
      "xp_for_next_level": 100,
      "ability": 100,
      "reputation": 100
    },
    "imageURL": "https://cdn.discordapp.com/attachments/1014199645750186044/1096874257033732196/holojuyeon.gif"
  },
  {
    "name": "Nayeon",
    "group": "HOLO",
    "single": "TWICE",
    "category": "holo",
    "description": "Special - Holo",
    "emoji": "✨",
    "globalID": "1002",
    "setID": "101",
    "rarity": 101,
    "price": 2500,
    "sellPrice": 10,
    "stats": {
      "level": 1,
      "xp": 0,
      "xp_for_next_level": 100,
      "ability": 100,
      "reputation": 100
    },
    "imageURL": "https://cdn.discordapp.com/attachments/1014199645750186044/1096874261647458445/holonayeon.gif"
  },
  {
    "name": "Bang Chan",
    "group": "HOLO",
    "single": "Stray Kids",
    "category": "holo",
    "description": "Special - Holo",
    "emoji": "✨",
    "globalID": "1006",
    "setID": "101",
    "rarity": 101,
    "price": 2500,
    "sellPrice": 10,
    "stats": {
      "level": 1,
      "xp": 0,
      "xp_for_next_level": 100,
      "ability": 100,
      "reputation": 100
    },
    "imageURL": "https://cdn.discordapp.com/attachments/1014199645750186044/1101869132602933278/holobangchan.gif"
  },
  {
    "name": "Taemin",
    "group": "HOLO",
    "single": "SHINee",
    "category": "holo",
    "description": "Special - Holo",
    "emoji": "✨",
    "globalID": "1009",
    "setID": "101",
    "rarity": 101,
    "price": 2500,
    "sellPrice": 10,
    "stats": {
      "level": 1,
      "xp": 0,
      "xp_for_next_level": 100,
      "ability": 100,
      "reputation": 100
    },
    "imageURL": "https://cdn.discordapp.com/attachments/1014199645750186044/1101869135459254282/holotaemin.gif"
  },
  {
    "name": "Karina",
    "group": "HOLO",
    "single": "æspa",
    "category": "holo",
    "description": "Special - Holo",
    "emoji": "✨",
    "globalID": "1019",
    "setID": "101",
    "rarity": 101,
    "price": 2500,
    "sellPrice": 10,
    "stats": {
      "level": 1,
      "xp": 0,
      "xp_for_next_level": 100,
      "ability": 100,
      "reputation": 100
    },
    "imageURL": "https://cdn.discordapp.com/attachments/1014199645750186044/1096874257511874570/holokarina.gif"
  },
  {
    "name": "Wonyoung",
    "group": "HOLO",
    "single": "IVE",
    "category": "holo",
    "description": "Special - Holo",
    "emoji": "✨",
    "globalID": "1010",
    "setID": "101",
    "rarity": 101,
    "price": 2500,
    "sellPrice": 10,
    "stats": {
      "level": 1,
      "xp": 0,
      "xp_for_next_level": 100,
      "ability": 100,
      "reputation": 100
    },
    "imageURL": "https://cdn.discordapp.com/attachments/1014199645750186044/1096874262893183058/holowonyoung.gif"
  },
  {
    "name": "Chaewon",
    "group": "HOLO",
    "single": "LE SSERAFIM",
    "category": "holo",
    "description": "Special - Holo",
    "emoji": "✨",
    "globalID": "1016",
    "setID": "101",
    "rarity": 101,
    "price": 2500,
    "sellPrice": 10,
    "stats": {
      "level": 1,
      "xp": 0,
      "xp_for_next_level": 100,
      "ability": 100,
      "reputation": 100
    },
    "imageURL": "https://cdn.discordapp.com/attachments/1014199645750186044/1096874256295526420/holochaewon.gif"
  },
  {
    "name": "Eunwoo",
    "group": "HOLO",
    "single": "ASTRO",
    "category": "holo",
    "description": "Special - Holo",
    "emoji": "✨",
    "globalID": "1017",
    "setID": "101",
    "rarity": 101,
    "price": 2500,
    "sellPrice": 10,
    "stats": {
      "level": 1,
      "xp": 0,
      "xp_for_next_level": 100,
      "ability": 100,
      "reputation": 100
    },
    "imageURL": "https://cdn.discordapp.com/attachments/1014199645750186044/1101869133496320020/holoeunwoo.gif"
  },
  {
    "name": "Taeyong",
    "group": "HOLO",
    "single": "NCT",
    "category": "holo",
    "description": "Special - Holo",
    "emoji": "✨",
    "globalID": "1004",
    "setID": "101",
    "rarity": 101,
    "price": 2500,
    "sellPrice": 10,
    "stats": {
      "level": 1,
      "xp": 0,
      "xp_for_next_level": 100,
      "ability": 100,
      "reputation": 100
    },
    "imageURL": "https://cdn.discordapp.com/attachments/1014199645750186044/1096874262482133052/holotaeyong.gif"
  },
  {
    "name": "V",
    "group": "HOLO",
    "single": "BTS",
    "category": "holo",
    "description": "Special - Holo",
    "emoji": "✨",
    "globalID": "1005",
    "setID": "101",
    "rarity": 101,
    "price": 2500,
    "sellPrice": 10,
    "stats": {
      "level": 1,
      "xp": 0,
      "xp_for_next_level": 100,
      "ability": 100,
      "reputation": 100
    },
    "imageURL": "https://cdn.discordapp.com/attachments/1014199645750186044/1101869135836753970/holov.gif"
  },
  {
    "name": "Jinyoung",
    "group": "HOLO",
    "single": "CIX",
    "category": "holo",
    "description": "Special - Holo",
    "emoji": "✨",
    "globalID": "1011",
    "setID": "101",
    "rarity": 101,
    "price": 2500,
    "sellPrice": 10,
    "stats": {
      "level": 1,
      "xp": 0,
      "xp_for_next_level": 100,
      "ability": 100,
      "reputation": 100
    },
    "imageURL": "https://cdn.discordapp.com/attachments/1014199645750186044/1101869133894791299/holojinyoung.gif"
  },
  {
    "name": "Yeonjun",
    "group": "HOLO",
    "single": "TXT",
    "category": "holo",
    "description": "Special - Holo",
    "emoji": "✨",
    "globalID": "1012",
    "setID": "101",
    "rarity": 101,
    "price": 2500,
    "sellPrice": 10,
    "stats": {
      "level": 1,
      "xp": 0,
      "xp_for_next_level": 100,
      "ability": 100,
      "reputation": 100
    },
    "imageURL": "https://cdn.discordapp.com/attachments/1014199645750186044/1101869735139868744/holoyeonjun.gif"
  },
  {
    "name": "Chuu",
    "group": "HOLO",
    "single": "LOOΠΔ",
    "category": "holo",
    "description": "Special - Holo",
    "emoji": "✨",
    "globalID": "1014",
    "setID": "101",
    "rarity": 101,
    "price": 2500,
    "sellPrice": 10,
    "stats": {
      "level": 1,
      "xp": 0,
      "xp_for_next_level": 100,
      "ability": 100,
      "reputation": 100
    },
    "imageURL": "https://cdn.discordapp.com/attachments/1014199645750186044/1101869133055930468/holochuu.gif"
  },
  {
    "name": "Joy",
    "group": "FLOWER",
    "single": "Red Velvet",
    "category": "flwr",
    "description": "Special - Flower",
    "emoji": "🍀",
    "globalID": "1027",
    "setID": "102",
    "rarity": 102,
    "price": 2500,
    "sellPrice": 10,
    "stats": {
      "level": 1,
      "xp": 0,
      "xp_for_next_level": 100,
      "ability": 100,
      "reputation": 100
    },
    "imageURL": "https://cdn.discordapp.com/attachments/1014199645750186044/1036046814358544435/flower_joy.png"
  },
  {
    "name": "V",
    "group": "FLOWER",
    "single": "BTS",
    "category": "flwr",
    "description": "Special - Flower",
    "emoji": "🍀",
    "globalID": "1029",
    "setID": "102",
    "rarity": 102,
    "price": 2500,
    "sellPrice": 10,
    "stats": {
      "level": 1,
      "xp": 0,
      "xp_for_next_level": 100,
      "ability": 100,
      "reputation": 100
    },
    "imageURL": "https://cdn.discordapp.com/attachments/1014199645750186044/1036046815759454218/flower_v.png"
  },
  {
    "name": "BamBam",
    "group": "FLOWER",
    "single": "GOT7",
    "category": "flwr",
    "description": "Special - Flower",
    "emoji": "⚛️",
    "globalID": "1031",
    "setID": "102",
    "rarity": 102,
    "price": 2500,
    "sellPrice": 10,
    "stats": {
      "level": 1,
      "xp": 0,
      "xp_for_next_level": 100,
      "ability": 100,
      "reputation": 100
    },
    "imageURL": "https://cdn.discordapp.com/attachments/1014199645750186044/1037106658779869234/flower_bambam.png"
  },
  {
    "name": "Sungchan",
    "group": "FLOWER",
    "single": "NCT",
    "category": "flwr",
    "description": "Special - Flower",
    "emoji": "⚛️",
    "globalID": "1034",
    "setID": "102",
    "rarity": 102,
    "price": 2500,
    "sellPrice": 10,
    "stats": {
      "level": 1,
      "xp": 0,
      "xp_for_next_level": 100,
      "ability": 100,
      "reputation": 100
    },
    "imageURL": "https://cdn.discordapp.com/attachments/1014199645750186044/1037106660465975406/flower_sungchan.png"
  },
  {
    "name": "Onda",
    "group": "FLOWER",
    "single": "EVERGLOW",
    "category": "flwr",
    "description": "Special - Flower",
    "emoji": "⚛️",
    "globalID": "1033",
    "setID": "102",
    "rarity": 102,
    "price": 2500,
    "sellPrice": 10,
    "stats": {
      "level": 1,
      "xp": 0,
      "xp_for_next_level": 100,
      "ability": 100,
      "reputation": 100
    },
    "imageURL": "https://cdn.discordapp.com/attachments/1014199645750186044/1037106659966857387/flower_onda.png"
  },
  {
    "name": "Yeowool",
    "group": "FLOWER",
    "single": "PURPLEBECK",
    "category": "flwr",
    "description": "Special - Flower",
    "emoji": "🌼",
    "globalID": "1025",
    "setID": "102",
    "rarity": 102,
    "price": 2500,
    "sellPrice": 10,
    "stats": {
      "level": 1,
      "xp": 0,
      "xp_for_next_level": 100,
      "ability": 100,
      "reputation": 100
    },
    "imageURL": "https://cdn.discordapp.com/attachments/1014199645750186044/1037103911758221484/flower_Yeowool.png"
  },
  {
    "name": "Go Won",
    "group": "FLOWER",
    "single": "LOOΠΔ",
    "category": "flwr",
    "description": "Special - Flower",
    "emoji": "🍀",
    "globalID": "1026",
    "setID": "102",
    "rarity": 102,
    "price": 2500,
    "sellPrice": 10,
    "stats": {
      "level": 1,
      "xp": 0,
      "xp_for_next_level": 100,
      "ability": 100,
      "reputation": 100
    },
    "imageURL": "https://cdn.discordapp.com/attachments/1014199645750186044/1036046813410631760/flower_gowon.png"
  },
  {
    "name": "Yerim",
    "group": "FLOWER",
    "single": "PURPLEBECK",
    "category": "flwr",
    "description": "Special - Flower",
    "emoji": "🍀",
    "globalID": "1030",
    "setID": "102",
    "rarity": 102,
    "price": 2500,
    "sellPrice": 10,
    "stats": {
      "level": 1,
      "xp": 0,
      "xp_for_next_level": 100,
      "ability": 100,
      "reputation": 100
    },
    "imageURL": "https://cdn.discordapp.com/attachments/1014199645750186044/1036046816115953674/flower_yerim.png"
  },
  {
    "name": "Jaehyun",
    "group": "FLOWER",
    "single": "NCT",
    "category": "flwr",
    "description": "Special - Flower",
    "emoji": "⚛️",
    "globalID": "1032",
    "setID": "102",
    "rarity": 102,
    "price": 2500,
    "sellPrice": 10,
    "stats": {
      "level": 1,
      "xp": 0,
      "xp_for_next_level": 100,
      "ability": 100,
      "reputation": 100
    },
    "imageURL": "https://cdn.discordapp.com/attachments/1014199645750186044/1037106659400634409/flower_jaehyun.png"
  },
  {
    "name": "Soobin",
    "group": "FLOWER",
    "single": "TXT",
    "category": "flwr",
    "description": "Special - Flower",
    "emoji": "*️⃣",
    "globalID": "1038",
    "setID": "102",
    "rarity": 102,
    "price": 2500,
    "sellPrice": 10,
    "stats": {
      "level": 1,
      "xp": 0,
      "xp_for_next_level": 100,
      "ability": 100,
      "reputation": 100
    },
    "imageURL": "https://cdn.discordapp.com/attachments/1014199645750186044/1037106662349222049/flower_soobin.png"
  },
  {
    "name": "Jungwoo",
    "group": "FLOWER",
    "single": "NCT",
    "category": "flwr",
    "description": "Special - Flower",
    "emoji": "*️⃣",
    "globalID": "1036",
    "setID": "102",
    "rarity": 102,
    "price": 2500,
    "sellPrice": 10,
    "stats": {
      "level": 1,
      "xp": 0,
      "xp_for_next_level": 100,
      "ability": 100,
      "reputation": 100
    },
    "imageURL": "https://cdn.discordapp.com/attachments/1014199645750186044/1037106661241925824/flower_jungwoo.png"
  },
  {
    "name": "Yoohyeon",
    "group": "FLOWER",
    "single": "Dreamcatcher",
    "category": "flwr",
    "description": "Special - Flower",
    "emoji": "⚛️",
    "globalID": "1035",
    "setID": "102",
    "rarity": 102,
    "price": 2500,
    "sellPrice": 10,
    "stats": {
      "level": 1,
      "xp": 0,
      "xp_for_next_level": 100,
      "ability": 100,
      "reputation": 100
    },
    "imageURL": "https://cdn.discordapp.com/attachments/1014199645750186044/1037106660898000907/flower_yoohyeon.png"
  },
  {
    "name": "Ni-Ki",
    "group": "FLOWER",
    "single": "ENHYPEN",
    "category": "flwr",
    "description": "Special - Flower",
    "emoji": "🍀",
    "globalID": "1028",
    "setID": "102",
    "rarity": 102,
    "price": 2500,
    "sellPrice": 10,
    "stats": {
      "level": 1,
      "xp": 0,
      "xp_for_next_level": 100,
      "ability": 100,
      "reputation": 100
    },
    "imageURL": "https://cdn.discordapp.com/attachments/1014199645750186044/1036046814685712474/flower_niki.png"
  },
  {
    "name": "Sullyoon",
    "group": "FLOWER",
    "single": "NMIXX",
    "category": "flwr",
    "description": "Special - Flower",
    "emoji": "*️⃣",
    "globalID": "1039",
    "setID": "102",
    "rarity": 102,
    "price": 2500,
    "sellPrice": 10,
    "stats": {
      "level": 1,
      "xp": 0,
      "xp_for_next_level": 100,
      "ability": 100,
      "reputation": 100
    },
    "imageURL": "https://cdn.discordapp.com/attachments/1014199645750186044/1037106662743482478/flower_sullyoon.png"
  },
  {
    "name": "Eunwoo",
    "group": "FLOWER",
    "single": "ASTRO",
    "category": "flwr",
    "description": "Special - Flower",
    "emoji": "🌼",
    "globalID": "1021",
    "setID": "102",
    "rarity": 102,
    "price": 2500,
    "sellPrice": 10,
    "stats": {
      "level": 1,
      "xp": 0,
      "xp_for_next_level": 100,
      "ability": 100,
      "reputation": 100
    },
    "imageURL": "https://cdn.discordapp.com/attachments/1014199645750186044/1036046813091860520/flower_eunwoo.png"
  },
  {
    "name": "Jisung",
    "group": "FLOWER",
    "single": "NCT",
    "category": "flwr",
    "description": "Special - Flower",
    "emoji": "🌼",
    "globalID": "1023",
    "setID": "102",
    "rarity": 102,
    "price": 2500,
    "sellPrice": 10,
    "stats": {
      "level": 1,
      "xp": 0,
      "xp_for_next_level": 100,
      "ability": 100,
      "reputation": 100
    },
    "imageURL": "https://cdn.discordapp.com/attachments/1014199645750186044/1036046814064939018/flower_jisung.png"
  },
  {
    "name": "Seunghun",
    "group": "FLOWER",
    "single": "CIX",
    "category": "flwr",
    "description": "Special - Flower",
    "emoji": "🌼",
    "globalID": "1024",
    "setID": "102",
    "rarity": 102,
    "price": 2500,
    "sellPrice": 10,
    "stats": {
      "level": 1,
      "xp": 0,
      "xp_for_next_level": 100,
      "ability": 100,
      "reputation": 100
    },
    "imageURL": "https://cdn.discordapp.com/attachments/1014199645750186044/1036046815063183390/flower_seunghun.png"
  },
  {
    "name": "Minho",
    "group": "FLOWER",
    "single": "SHINee",
    "category": "flwr",
    "description": "Special - Flower",
    "emoji": "*️⃣",
    "globalID": "1037",
    "setID": "102",
    "rarity": 102,
    "price": 2500,
    "sellPrice": 10,
    "stats": {
      "level": 1,
      "xp": 0,
      "xp_for_next_level": 100,
      "ability": 100,
      "reputation": 100
    },
    "imageURL": "https://cdn.discordapp.com/attachments/1014199645750186044/1037106661875261550/flower_minho.png"
  },
  {
    "name": "IU",
    "group": "FLOWER",
    "single": "Solo",
    "category": "flwr",
    "description": "Special - Flower",
    "emoji": "🌼",
    "globalID": "1022",
    "setID": "102",
    "rarity": 102,
    "price": 2500,
    "sellPrice": 10,
    "stats": {
      "level": 1,
      "xp": 0,
      "xp_for_next_level": 100,
      "ability": 100,
      "reputation": 100
    },
    "imageURL": "https://cdn.discordapp.com/attachments/1014199645750186044/1036046813746188298/flower_iu.png"
  },
  {
    "name": "Tzuyu",
    "group": "FLOWER",
    "single": "TWICE",
    "category": "flwr",
    "description": "Special - Flower",
    "emoji": "*️⃣",
    "globalID": "1040",
    "setID": "102",
    "rarity": 102,
    "price": 2500,
    "sellPrice": 10,
    "stats": {
      "level": 1,
      "xp": 0,
      "xp_for_next_level": 100,
      "ability": 100,
      "reputation": 100
    },
    "imageURL": "https://cdn.discordapp.com/attachments/1014199645750186044/1037106663146139688/flower_tzuyu.png"
  },
  {
    "name": "Minseo",
    "group": "FLOWER",
    "single": "DRIPPIN",
    "category": "flwr",
    "description": "Special - Flower",
    "emoji": "🌸",
    "globalID": "1044",
    "setID": "102",
    "rarity": 102,
    "price": 2500,
    "sellPrice": 10,
    "stats": {
      "level": 1,
      "xp": 0,
      "xp_for_next_level": 100,
      "ability": 100,
      "reputation": 100
    },
    "imageURL": "https://cdn.discordapp.com/attachments/1014199645750186044/1043597867580936354/flower_minseo.png"
  },
  {
    "name": "Youngbin",
    "group": "FLOWER",
    "single": "SF9",
    "category": "flwr",
    "description": "Special - Flower",
    "emoji": "🌸",
    "globalID": "1042",
    "setID": "102",
    "rarity": 102,
    "price": 2500,
    "sellPrice": 10,
    "stats": {
      "level": 1,
      "xp": 0,
      "xp_for_next_level": 100,
      "ability": 100,
      "reputation": 100
    },
    "imageURL": "https://cdn.discordapp.com/attachments/1014199645750186044/1043597866926608514/flower_youngbin.png"
  },
  {
    "name": "Yuna",
    "group": "FLOWER",
    "single": "ITZY",
    "category": "flwr",
    "description": "Special - Flower",
    "emoji": "🏵️",
    "globalID": "1047",
    "setID": "102",
    "rarity": 102,
    "price": 2500,
    "sellPrice": 10,
    "stats": {
      "level": 1,
      "xp": 0,
      "xp_for_next_level": 100,
      "ability": 100,
      "reputation": 100
    },
    "imageURL": "https://cdn.discordapp.com/attachments/1014199645750186044/1043597868583374929/flower_yuna.png"
  },
  {
    "name": "Jungkook",
    "group": "FLOWER",
    "single": "BTS",
    "category": "flwr",
    "description": "Special - Flower",
    "emoji": "🏵️",
    "globalID": "1048",
    "setID": "102",
    "rarity": 102,
    "price": 2500,
    "sellPrice": 10,
    "stats": {
      "level": 1,
      "xp": 0,
      "xp_for_next_level": 100,
      "ability": 100,
      "reputation": 100
    },
    "imageURL": "https://cdn.discordapp.com/attachments/1014199645750186044/1043597868948263013/flower_jungkook.png"
  },
  {
    "name": "Gaeul",
    "group": "FLOWER",
    "single": "IVE",
    "category": "flwr",
    "description": "Special - Flower",
    "emoji": "🌸",
    "globalID": "1043",
    "setID": "102",
    "rarity": 102,
    "price": 2500,
    "sellPrice": 10,
    "stats": {
      "level": 1,
      "xp": 0,
      "xp_for_next_level": 100,
      "ability": 100,
      "reputation": 100
    },
    "imageURL": "https://cdn.discordapp.com/attachments/1014199645750186044/1043597867262148668/flower_gaeul.png"
  },
  {
    "name": "D.O.",
    "group": "FLOWER",
    "single": "EXO",
    "category": "flwr",
    "description": "Special - Flower",
    "emoji": "🏵️",
    "globalID": "1046",
    "setID": "102",
    "rarity": 102,
    "price": 2500,
    "sellPrice": 10,
    "stats": {
      "level": 1,
      "xp": 0,
      "xp_for_next_level": 100,
      "ability": 100,
      "reputation": 100
    },
    "imageURL": "https://cdn.discordapp.com/attachments/1014199645750186044/1043597868231032872/flower_do.png"
  },
  {
    "name": "Seonghwa",
    "group": "FLOWER",
    "single": "ATEEZ",
    "category": "flwr",
    "description": "Special - Flower",
    "emoji": "🌸",
    "globalID": "1041",
    "setID": "102",
    "rarity": 102,
    "price": 2500,
    "sellPrice": 10,
    "stats": {
      "level": 1,
      "xp": 0,
      "xp_for_next_level": 100,
      "ability": 100,
      "reputation": 100
    },
    "imageURL": "https://cdn.discordapp.com/attachments/1014199645750186044/1043597866473619588/flower_seonghwa.png"
  },
  {
    "name": "Solar",
    "group": "FLOWER",
    "single": "MAMAMOO",
    "category": "flwr",
    "description": "Special - Flower",
    "emoji": "🌸",
    "globalID": "1045",
    "setID": "102",
    "rarity": 102,
    "price": 2500,
    "sellPrice": 10,
    "stats": {
      "level": 1,
      "xp": 0,
      "xp_for_next_level": 100,
      "ability": 100,
      "reputation": 100
    },
    "imageURL": "https://cdn.discordapp.com/attachments/1014199645750186044/1043597867903881226/flower_solar.png"
  },
  {
    "name": "AleXa",
    "group": "FLOWER",
    "single": "Solo",
    "category": "flwr",
    "description": "Special - Flower",
    "emoji": "🏵️",
    "globalID": "1049",
    "setID": "102",
    "rarity": 102,
    "price": 2500,
    "sellPrice": 10,
    "stats": {
      "level": 1,
      "xp": 0,
      "xp_for_next_level": 100,
      "ability": 100,
      "reputation": 100
    },
    "imageURL": "https://cdn.discordapp.com/attachments/1014199645750186044/1043597869254443028/flower_alexa.png"
  },
  {
    "name": "Intak",
    "group": "FLOWER",
    "single": "P1Harmony",
    "category": "flwr",
    "description": "Special - Flower",
    "emoji": "🏵️",
    "globalID": "1050",
    "setID": "102",
    "rarity": 102,
    "price": 2500,
    "sellPrice": 10,
    "stats": {
      "level": 1,
      "xp": 0,
      "xp_for_next_level": 100,
      "ability": 100,
      "reputation": 100
    },
    "imageURL": "https://cdn.discordapp.com/attachments/1014199645750186044/1043597869548064848/flower_intak.png"
  },
  {
    "name": "Yujin",
    "group": "Polaroid",
    "single": "IVE",
    "category": "pola",
    "description": "Special - Polaroid",
    "emoji": "📸",
    "globalID": "1060",
    "setID": "103",
    "rarity": 103,
    "price": 500,
    "sellPrice": 10,
    "stats": {
      "level": 1,
      "xp": 0,
      "xp_for_next_level": 100,
      "ability": 100,
      "reputation": 100
    },
    "imageURL": "https://cdn.discordapp.com/attachments/1014199645750186044/1058414925489381436/polaroid_yujin.png"
  },
  {
    "name": "Rosé",
    "group": "Polaroid",
    "single": "BLɅϽKPIИK",
    "category": "pola",
    "description": "Special - Polaroid",
    "emoji": "📸",
    "globalID": "1057",
    "setID": "103",
    "rarity": 103,
    "price": 500,
    "sellPrice": 10,
    "stats": {
      "level": 1,
      "xp": 0,
      "xp_for_next_level": 100,
      "ability": 100,
      "reputation": 100
    },
    "imageURL": "https://cdn.discordapp.com/attachments/1014199645750186044/1058414924570828821/polaroid_rose.png"
  },
  {
    "name": "Mark",
    "group": "Polaroid",
    "single": "NCT",
    "category": "pola",
    "description": "Special - Polaroid",
    "emoji": "📸",
    "globalID": "1054",
    "setID": "103",
    "rarity": 103,
    "price": 500,
    "sellPrice": 10,
    "stats": {
      "level": 1,
      "xp": 0,
      "xp_for_next_level": 100,
      "ability": 100,
      "reputation": 100
    },
    "imageURL": "https://cdn.discordapp.com/attachments/1014199645750186044/1058414923513872575/polaroid_mark.png"
  },
  {
    "name": "Nichkhun",
    "group": "Polaroid",
    "single": "2PM",
    "category": "pola",
    "description": "Special - Polaroid",
    "emoji": "📸",
    "globalID": "1055",
    "setID": "103",
    "rarity": 103,
    "price": 500,
    "sellPrice": 10,
    "stats": {
      "level": 1,
      "xp": 0,
      "xp_for_next_level": 100,
      "ability": 100,
      "reputation": 100
    },
    "imageURL": "https://cdn.discordapp.com/attachments/1014199645750186044/1058414923849408612/polaroid_nichkhun.png"
  },
  {
    "name": "Hongseok",
    "group": "Polaroid",
    "single": "PENTAGON",
    "category": "pola",
    "description": "Special - Polaroid",
    "emoji": "📸",
    "globalID": "1052",
    "setID": "103",
    "rarity": 103,
    "price": 500,
    "sellPrice": 10,
    "stats": {
      "level": 1,
      "xp": 0,
      "xp_for_next_level": 100,
      "ability": 100,
      "reputation": 100
    },
    "imageURL": "https://cdn.discordapp.com/attachments/1014199645750186044/1058414922645643314/polaroid_hongseok.png"
  },
  {
    "name": "Hitomi",
    "group": "Polaroid",
    "single": "IZ\\*ONE",
    "category": "pola",
    "description": "Special - Polaroid",
    "emoji": "📸",
    "globalID": "1051",
    "setID": "103",
    "rarity": 103,
    "price": 500,
    "sellPrice": 10,
    "stats": {
      "level": 1,
      "xp": 0,
      "xp_for_next_level": 100,
      "ability": 100,
      "reputation": 100
    },
    "imageURL": "https://cdn.discordapp.com/attachments/1014199645750186044/1058414922263969802/polaroid_hitomi.png"
  },
  {
    "name": "Yohan",
    "group": "Polaroid",
    "single": "WEi",
    "category": "pola",
    "description": "Special - Polaroid",
    "emoji": "📸",
    "globalID": "1058",
    "setID": "103",
    "rarity": 103,
    "price": 500,
    "sellPrice": 10,
    "stats": {
      "level": 1,
      "xp": 0,
      "xp_for_next_level": 100,
      "ability": 100,
      "reputation": 100
    },
    "imageURL": "https://cdn.discordapp.com/attachments/1014199645750186044/1058414924843462747/polaroid_yohan.png"
  },
  {
    "name": "Hyolyn",
    "group": "Polaroid",
    "single": "Solo",
    "category": "pola",
    "description": "Special - Polaroid",
    "emoji": "📸",
    "globalID": "1053",
    "setID": "103",
    "rarity": 103,
    "price": 500,
    "sellPrice": 10,
    "stats": {
      "level": 1,
      "xp": 0,
      "xp_for_next_level": 100,
      "ability": 100,
      "reputation": 100
    },
    "imageURL": "https://cdn.discordapp.com/attachments/1014199645750186044/1058414923031523358/polaroid_hyolyn.png"
  },
  {
    "name": "Onew",
    "group": "Polaroid",
    "single": "SHINee",
    "category": "pola",
    "description": "Special - Polaroid",
    "emoji": "📸",
    "globalID": "1056",
    "setID": "103",
    "rarity": 103,
    "price": 500,
    "sellPrice": 10,
    "stats": {
      "level": 1,
      "xp": 0,
      "xp_for_next_level": 100,
      "ability": 100,
      "reputation": 100
    },
    "imageURL": "https://cdn.discordapp.com/attachments/1014199645750186044/1058414924214317157/polaroid_onew.png"
  },
  {
    "name": "Yoojung",
    "group": "Polaroid",
    "single": "Weki Meki",
    "category": "pola",
    "description": "Special - Polaroid",
    "emoji": "📸",
    "globalID": "1059",
    "setID": "103",
    "rarity": 103,
    "price": 500,
    "sellPrice": 10,
    "stats": {
      "level": 1,
      "xp": 0,
      "xp_for_next_level": 100,
      "ability": 100,
      "reputation": 100
    },
    "imageURL": "https://cdn.discordapp.com/attachments/1014199645750186044/1058414925183205476/polaroid_yoojung.png"
  },
  {
    "name": "Crush",
    "group": "Polaroid",
    "single": "Solo",
    "category": "pola",
    "description": "Special - Polaroid",
    "emoji": "📸",
    "globalID": "1072",
    "setID": "103",
    "rarity": 103,
    "price": 500,
    "sellPrice": 10,
    "stats": {
      "level": 1,
      "xp": 0,
      "xp_for_next_level": 100,
      "ability": 100,
      "reputation": 100
    },
    "imageURL": "https://cdn.discordapp.com/attachments/1014199645750186044/1086653998439866498/polaroid_crush.png"
  },
  {
    "name": "Seolhyun",
    "group": "Polaroid",
    "single": "AOA",
    "category": "pola",
    "description": "Special - Polaroid",
    "emoji": "📸",
    "globalID": "1068",
    "setID": "103",
    "rarity": 103,
    "price": 500,
    "sellPrice": 10,
    "stats": {
      "level": 1,
      "xp": 0,
      "xp_for_next_level": 100,
      "ability": 100,
      "reputation": 100
    },
    "imageURL": "https://cdn.discordapp.com/attachments/1014199645750186044/1079414220518604800/polaroid_seolhyun.png"
  },
  {
    "name": "Jiwon",
    "group": "Polaroid",
    "single": "fromis_9",
    "category": "pola",
    "description": "Special - Polaroid",
    "emoji": "📸",
    "globalID": "1071",
    "setID": "103",
    "rarity": 103,
    "price": 500,
    "sellPrice": 10,
    "stats": {
      "level": 1,
      "xp": 0,
      "xp_for_next_level": 100,
      "ability": 100,
      "reputation": 100
    },
    "imageURL": "https://cdn.discordapp.com/attachments/1014199645750186044/1086653998133678090/polaroid__jiwon.png"
  },
  {
    "name": "Hyuna",
    "group": "Polaroid",
    "single": "Solo",
    "category": "pola",
    "description": "Special - Polaroid",
    "emoji": "📸",
    "globalID": "1076",
    "setID": "103",
    "rarity": 103,
    "price": 500,
    "sellPrice": 10,
    "stats": {
      "level": 1,
      "xp": 0,
      "xp_for_next_level": 100,
      "ability": 100,
      "reputation": 100
    },
    "imageURL": "https://cdn.discordapp.com/attachments/1014199645750186044/1086653999782056038/polaroid_hyuna.png"
  },
  {
    "name": "IU",
    "group": "Polaroid",
    "single": "Solo",
    "category": "pola",
    "description": "Special - Polaroid",
    "emoji": "📸",
    "globalID": "1078",
    "setID": "103",
    "rarity": 103,
    "price": 500,
    "sellPrice": 10,
    "stats": {
      "level": 1,
      "xp": 0,
      "xp_for_next_level": 100,
      "ability": 100,
      "reputation": 100
    },
    "imageURL": "https://cdn.discordapp.com/attachments/1014199645750186044/1086654000302133390/polaroid_iu.png"
  },
  {
    "name": "Sakura",
    "group": "Polaroid",
    "single": "LE SSERAFIM",
    "category": "pola",
    "description": "Special - Polaroid",
    "emoji": "📸",
    "globalID": "1067",
    "setID": "103",
    "rarity": 103,
    "price": 500,
    "sellPrice": 10,
    "stats": {
      "level": 1,
      "xp": 0,
      "xp_for_next_level": 100,
      "ability": 100,
      "reputation": 100
    },
    "imageURL": "https://cdn.discordapp.com/attachments/1014199645750186044/1079414220254351521/polaroid_sakura.png"
  },
  {
    "name": "Chanyeol",
    "group": "Polaroid",
    "single": "EXO",
    "category": "pola",
    "description": "Special - Polaroid",
    "emoji": "📸",
    "globalID": "1061",
    "setID": "103",
    "rarity": 103,
    "price": 500,
    "sellPrice": 10,
    "stats": {
      "level": 1,
      "xp": 0,
      "xp_for_next_level": 100,
      "ability": 100,
      "reputation": 100
    },
    "imageURL": "https://cdn.discordapp.com/attachments/1014199645750186044/1079414218706653294/polaroid_chanyeol.png"
  },
  {
    "name": "Hyungwon",
    "group": "Polaroid",
    "single": "MONSTA X",
    "category": "pola",
    "description": "Special - Polaroid",
    "emoji": "📸",
    "globalID": "1077",
    "setID": "103",
    "rarity": 103,
    "price": 500,
    "sellPrice": 10,
    "stats": {
      "level": 1,
      "xp": 0,
      "xp_for_next_level": 100,
      "ability": 100,
      "reputation": 100
    },
    "imageURL": "https://cdn.discordapp.com/attachments/1014199645750186044/1086654000050491485/polaroid_hyungwon.png"
  },
  {
    "name": "Jake",
    "group": "Polaroid",
    "single": "ENHYPEN",
    "category": "pola",
    "description": "Special - Polaroid",
    "emoji": "📸",
    "globalID": "1063",
    "setID": "103",
    "rarity": 103,
    "price": 500,
    "sellPrice": 10,
    "stats": {
      "level": 1,
      "xp": 0,
      "xp_for_next_level": 100,
      "ability": 100,
      "reputation": 100
    },
    "imageURL": "https://cdn.discordapp.com/attachments/1014199645750186044/1079414219222560809/polaroid_jake.png"
  },
  {
    "name": "Winwin",
    "group": "Polaroid",
    "single": "NCT",
    "category": "pola",
    "description": "Special - Polaroid",
    "emoji": "📸",
    "globalID": "1070",
    "setID": "103",
    "rarity": 103,
    "price": 500,
    "sellPrice": 10,
    "stats": {
      "level": 1,
      "xp": 0,
      "xp_for_next_level": 100,
      "ability": 100,
      "reputation": 100
    },
    "imageURL": "https://cdn.discordapp.com/attachments/1014199645750186044/1079414221114183740/polaroid_winwin.png"
  },
  {
    "name": "EXY",
    "group": "Polaroid",
    "single": "WJSN",
    "category": "pola",
    "description": "Special - Polaroid",
    "emoji": "📸",
    "globalID": "1062",
    "setID": "103",
    "rarity": 103,
    "price": 500,
    "sellPrice": 10,
    "stats": {
      "level": 1,
      "xp": 0,
      "xp_for_next_level": 100,
      "ability": 100,
      "reputation": 100
    },
    "imageURL": "https://cdn.discordapp.com/attachments/1014199645750186044/1079414218979295252/polaroid_exy.png"
  },
  {
    "name": "Jinjin",
    "group": "Polaroid",
    "single": "ASTRO",
    "category": "pola",
    "description": "Special - Polaroid",
    "emoji": "📸",
    "globalID": "1066",
    "setID": "103",
    "rarity": 103,
    "price": 500,
    "sellPrice": 10,
    "stats": {
      "level": 1,
      "xp": 0,
      "xp_for_next_level": 100,
      "ability": 100,
      "reputation": 100
    },
    "imageURL": "https://cdn.discordapp.com/attachments/1014199645750186044/1079414220002701342/polaroid_jinjin.png"
  },
  {
    "name": "Jennie",
    "group": "Polaroid",
    "single": "BLɅϽKPIИK",
    "category": "pola",
    "description": "Special - Polaroid",
    "emoji": "📸",
    "globalID": "1064",
    "setID": "103",
    "rarity": 103,
    "price": 500,
    "sellPrice": 10,
    "stats": {
      "level": 1,
      "xp": 0,
      "xp_for_next_level": 100,
      "ability": 100,
      "reputation": 100
    },
    "imageURL": "https://cdn.discordapp.com/attachments/1014199645750186044/1079414219478405160/polaroid_jennie.png"
  },
  {
    "name": "DPR IAN",
    "group": "Polaroid",
    "single": "Solo",
    "category": "pola",
    "description": "Special - Polaroid",
    "emoji": "📸",
    "globalID": "1073",
    "setID": "103",
    "rarity": 103,
    "price": 500,
    "sellPrice": 10,
    "stats": {
      "level": 1,
      "xp": 0,
      "xp_for_next_level": 100,
      "ability": 100,
      "reputation": 100
    },
    "imageURL": "https://cdn.discordapp.com/attachments/1014199645750186044/1086653998792200242/polaroid_dprian.png"
  },
  {
    "name": "Lily",
    "group": "Polaroid",
    "single": "NMIXX",
    "category": "pola",
    "description": "Special - Polaroid",
    "emoji": "📸",
    "globalID": "1079",
    "setID": "103",
    "rarity": 103,
    "price": 500,
    "sellPrice": 10,
    "stats": {
      "level": 1,
      "xp": 0,
      "xp_for_next_level": 100,
      "ability": 100,
      "reputation": 100
    },
    "imageURL": "https://cdn.discordapp.com/attachments/1014199645750186044/1086654000558002267/polaroid_lily.png"
  },
  {
    "name": "Seunghun",
    "group": "Polaroid",
    "single": "CIX",
    "category": "pola",
    "description": "Special - Polaroid",
    "emoji": "📸",
    "globalID": "1080",
    "setID": "103",
    "rarity": 103,
    "price": 500,
    "sellPrice": 10,
    "stats": {
      "level": 1,
      "xp": 0,
      "xp_for_next_level": 100,
      "ability": 100,
      "reputation": 100
    },
    "imageURL": "https://cdn.discordapp.com/attachments/1014199645750186044/1086654000805449778/polaroid_seunghun.png"
  },
  {
    "name": "Jihyo",
    "group": "Polaroid",
    "single": "TWICE",
    "category": "pola",
    "description": "Special - Polaroid",
    "emoji": "📸",
    "globalID": "1065",
    "setID": "103",
    "rarity": 103,
    "price": 500,
    "sellPrice": 10,
    "stats": {
      "level": 1,
      "xp": 0,
      "xp_for_next_level": 100,
      "ability": 100,
      "reputation": 100
    },
    "imageURL": "https://cdn.discordapp.com/attachments/1014199645750186044/1079414219734270052/polaroid_jihyo.png"
  },
  {
    "name": "Suga",
    "group": "Polaroid",
    "single": "BTS",
    "category": "pola",
    "description": "Special - Polaroid",
    "emoji": "📸",
    "globalID": "1069",
    "setID": "103",
    "rarity": 103,
    "price": 500,
    "sellPrice": 10,
    "stats": {
      "level": 1,
      "xp": 0,
      "xp_for_next_level": 100,
      "ability": 100,
      "reputation": 100
    },
    "imageURL": "https://cdn.discordapp.com/attachments/1014199645750186044/1079414220828979200/polaroid_suga.png"
  },
  {
    "name": "Giselle",
    "group": "Polaroid",
    "single": "æspa",
    "category": "pola",
    "description": "Special - Polaroid",
    "emoji": "📸",
    "globalID": "1074",
    "setID": "103",
    "rarity": 103,
    "price": 500,
    "sellPrice": 10,
    "stats": {
      "level": 1,
      "xp": 0,
      "xp_for_next_level": 100,
      "ability": 100,
      "reputation": 100
    },
    "imageURL": "https://cdn.discordapp.com/attachments/1014199645750186044/1086653999110951002/polaroid_giselle.png"
  },
  {
    "name": "Hyeongjun",
    "group": "Polaroid",
    "single": "CRAVITY",
    "category": "pola",
    "description": "Special - Polaroid",
    "emoji": "📸",
    "globalID": "1075",
    "setID": "103",
    "rarity": 103,
    "price": 500,
    "sellPrice": 10,
    "stats": {
      "level": 1,
      "xp": 0,
      "xp_for_next_level": 100,
      "ability": 100,
      "reputation": 100
    },
    "imageURL": "https://cdn.discordapp.com/attachments/1014199645750186044/1086653999513608323/polaroid_hyeongjun.png"
  },
  {
    "name": "Jeno",
    "group": "SUIT",
    "single": "NCT",
    "category": "suit",
    "description": "Special - SUIT",
    "emoji": "👔",
    "globalID": "1086",
    "setID": "104",
    "rarity": 104,
    "price": 500,
    "sellPrice": 10,
    "stats": {
      "level": 1,
      "xp": 0,
      "xp_for_next_level": 100,
      "ability": 100,
      "reputation": 100
    },
    "imageURL": "https://cdn.discordapp.com/attachments/1014199645750186044/1091487937268555836/suit_jeno.png"
  },
  {
    "name": "Dami",
    "group": "SUIT",
    "single": "Dreamcatcher",
    "category": "suit",
    "description": "Special - SUIT",
    "emoji": "👔",
    "globalID": "1082",
    "setID": "104",
    "rarity": 104,
    "price": 500,
    "sellPrice": 10,
    "stats": {
      "level": 1,
      "xp": 0,
      "xp_for_next_level": 100,
      "ability": 100,
      "reputation": 100
    },
    "imageURL": "https://cdn.discordapp.com/attachments/1014199645750186044/1091487936085766214/suit_dami.png"
  },
  {
    "name": "Moonbyul",
    "group": "SUIT",
    "single": "MAMAMOO",
    "category": "suit",
    "description": "Special - SUIT",
    "emoji": "👔",
    "globalID": "1090",
    "setID": "104",
    "rarity": 104,
    "price": 500,
    "sellPrice": 10,
    "stats": {
      "level": 1,
      "xp": 0,
      "xp_for_next_level": 100,
      "ability": 100,
      "reputation": 100
    },
    "imageURL": "https://cdn.discordapp.com/attachments/1014199645750186044/1091487938413605024/suit_moonbyul.png"
  },
  {
    "name": "Mingyu",
    "group": "SUIT",
    "single": "SEVENTEEN",
    "category": "suit",
    "description": "Special - SUIT",
    "emoji": "👔",
    "globalID": "1088",
    "setID": "104",
    "rarity": 104,
    "price": 500,
    "sellPrice": 10,
    "stats": {
      "level": 1,
      "xp": 0,
      "xp_for_next_level": 100,
      "ability": 100,
      "reputation": 100
    },
    "imageURL": "https://cdn.discordapp.com/attachments/1014199645750186044/1091487937859952640/suit_mingyu.png"
  },
  {
    "name": "Haechan",
    "group": "SUIT",
    "single": "NCT",
    "category": "suit",
    "description": "Special - SUIT",
    "emoji": "👔",
    "globalID": "1084",
    "setID": "104",
    "rarity": 104,
    "price": 500,
    "sellPrice": 10,
    "stats": {
      "level": 1,
      "xp": 0,
      "xp_for_next_level": 100,
      "ability": 100,
      "reputation": 100
    },
    "imageURL": "https://cdn.discordapp.com/attachments/1014199645750186044/1091487936677154866/suit_haechan.png"
  },
  {
    "name": "Jimin",
    "group": "SUIT",
    "single": "BTS",
    "category": "suit",
    "description": "Special - SUIT",
    "emoji": "👔",
    "globalID": "1087",
    "setID": "104",
    "rarity": 104,
    "price": 500,
    "sellPrice": 10,
    "stats": {
      "level": 1,
      "xp": 0,
      "xp_for_next_level": 100,
      "ability": 100,
      "reputation": 100
    },
    "imageURL": "https://cdn.discordapp.com/attachments/1014199645750186044/1091487937574735893/suit_jimin.png"
  },
  {
    "name": "AleXa",
    "group": "SUIT",
    "single": "Solo",
    "category": "suit",
    "description": "Special - SUIT",
    "emoji": "👔",
    "globalID": "1081",
    "setID": "104",
    "rarity": 104,
    "price": 500,
    "sellPrice": 10,
    "stats": {
      "level": 1,
      "xp": 0,
      "xp_for_next_level": 100,
      "ability": 100,
      "reputation": 100
    },
    "imageURL": "https://cdn.discordapp.com/attachments/1014199645750186044/1091487935725047828/suit_alexa.png"
  },
  {
    "name": "Gyuri",
    "group": "SUIT",
    "single": "fromis_9",
    "category": "suit",
    "description": "Special - SUIT",
    "emoji": "👔",
    "globalID": "1083",
    "setID": "104",
    "rarity": 104,
    "price": 500,
    "sellPrice": 10,
    "stats": {
      "level": 1,
      "xp": 0,
      "xp_for_next_level": 100,
      "ability": 100,
      "reputation": 100
    },
    "imageURL": "https://cdn.discordapp.com/attachments/1014199645750186044/1091487936459055165/suit_gyuri.png"
  },
  {
    "name": "Hyunjin",
    "group": "SUIT",
    "single": "Stray Kids",
    "category": "suit",
    "description": "Special - SUIT",
    "emoji": "👔",
    "globalID": "1085",
    "setID": "104",
    "rarity": 104,
    "price": 500,
    "sellPrice": 10,
    "stats": {
      "level": 1,
      "xp": 0,
      "xp_for_next_level": 100,
      "ability": 100,
      "reputation": 100
    },
    "imageURL": "https://cdn.discordapp.com/attachments/1014199645750186044/1091487936949792879/suit_hyunjin.png"
  },
  {
    "name": "Momo",
    "group": "SUIT",
    "single": "TWICE",
    "category": "suit",
    "description": "Special - SUIT",
    "emoji": "👔",
    "globalID": "1089",
    "setID": "104",
    "rarity": 104,
    "price": 500,
    "sellPrice": 10,
    "stats": {
      "level": 1,
      "xp": 0,
      "xp_for_next_level": 100,
      "ability": 100,
      "reputation": 100
    },
    "imageURL": "https://cdn.discordapp.com/attachments/1014199645750186044/1091487938132578445/suit_momo.png"
  },
  {
    "name": "Chungha",
    "single": "Solo",
    "group": "SUIT",
    "category": "suit",
    "description": "Special - SUIT",
    "emoji": "👔",
    "globalID": "1091",
    "setID": "104",
    "rarity": 104,
    "price": 500,
    "sellPrice": 10,
    "stats": {
      "level": 1,
      "xp": 0,
      "xp_for_next_level": 100,
      "ability": 100,
      "reputation": 100
    },
    "imageURL": "https://cdn.discordapp.com/attachments/1014199645750186044/1105183328925126737/suit_chungha.png"
  },
  {
    "name": "Dawon",
    "single": "WJSN",
    "group": "SUIT",
    "category": "suit",
    "description": "Special - SUIT",
    "emoji": "👔",
    "globalID": "1092",
    "setID": "104",
    "rarity": 104,
    "price": 500,
    "sellPrice": 10,
    "stats": {
      "level": 1,
      "xp": 0,
      "xp_for_next_level": 100,
      "ability": 100,
      "reputation": 100
    },
    "imageURL": "https://cdn.discordapp.com/attachments/1014199645750186044/1105183329210355873/suit_dawon.png"
  },
  {
    "name": "Heejin",
    "single": "ARTMS",
    "group": "SUIT",
    "category": "suit",
    "description": "Special - SUIT",
    "emoji": "👔",
    "globalID": "1093",
    "setID": "104",
    "rarity": 104,
    "price": 500,
    "sellPrice": 10,
    "stats": {
      "level": 1,
      "xp": 0,
      "xp_for_next_level": 100,
      "ability": 100,
      "reputation": 100
    },
    "imageURL": "https://cdn.discordapp.com/attachments/1014199645750186044/1105183329722044537/suit_heejin.png"
  },
  {
    "name": "Inseong",
    "single": "SF9",
    "group": "SUIT",
    "category": "suit",
    "description": "Special - SUIT",
    "emoji": "👔",
    "globalID": "1094",
    "setID": "104",
    "rarity": 104,
    "price": 500,
    "sellPrice": 10,
    "stats": {
      "level": 1,
      "xp": 0,
      "xp_for_next_level": 100,
      "ability": 100,
      "reputation": 100
    },
    "imageURL": "https://cdn.discordapp.com/attachments/1014199645750186044/1105183330103742484/suit_inseong.png"
  },
  {
    "name": "Jaehyun",
    "single": "NCT",
    "group": "SUIT",
    "category": "suit",
    "description": "Special - SUIT",
    "emoji": "👔",
    "globalID": "1095",
    "setID": "104",
    "rarity": 104,
    "price": 500,
    "sellPrice": 10,
    "stats": {
      "level": 1,
      "xp": 0,
      "xp_for_next_level": 100,
      "ability": 100,
      "reputation": 100
    },
    "imageURL": "https://cdn.discordapp.com/attachments/1014199645750186044/1105183330409910383/suit_jaehyun.png"
  },
  {
    "name": "Jake",
    "single": "ENHYPEN",
    "group": "SUIT",
    "category": "suit",
    "description": "Special - SUIT",
    "emoji": "👔",
    "globalID": "1096",
    "setID": "104",
    "rarity": 104,
    "price": 500,
    "sellPrice": 10,
    "stats": {
      "level": 1,
      "xp": 0,
      "xp_for_next_level": 100,
      "ability": 100,
      "reputation": 100
    },
    "imageURL": "https://cdn.discordapp.com/attachments/1014199645750186044/1105183330695139499/suit_jake.png"
  },
  {
    "name": "Jennie",
    "single": "BLΛƆKPIИK",
    "group": "SUIT",
    "category": "suit",
    "description": "Special - SUIT",
    "emoji": "👔",
    "group": "SUIT",
    "globalID": "1097",
    "setID": "104",
    "rarity": 104,
    "price": 500,
    "sellPrice": 10,
    "stats": {
      "level": 1,
      "xp": 0,
      "xp_for_next_level": 100,
      "ability": 100,
      "reputation": 100
    },
    "imageURL": "https://cdn.discordapp.com/attachments/1014199645750186044/1105183331039051856/suit_jennie.png"
  },
  {
    "name": "Jinjin",
    "single": "ASTRO",
    "group": "SUIT",
    "category": "suit",
    "description": "Special - SUIT",
    "emoji": "👔",
    "globalID": "1098",
    "setID": "104",
    "rarity": 104,
    "price": 500,
    "sellPrice": 10,
    "stats": {
      "level": 1,
      "xp": 0,
      "xp_for_next_level": 100,
      "ability": 100,
      "reputation": 100
    },
    "imageURL": "https://cdn.discordapp.com/attachments/1014199645750186044/1105183331324285008/suit_jinjin.png"
  },
  {
    "name": "Jiwoong",
    "single": "ZB1",
    "group": "SUIT",
    "category": "suit",
    "description": "Special - SUIT",
    "emoji": "👔",
    "globalID": "1099",
    "setID": "104",
    "rarity": 104,
    "price": 500,
    "sellPrice": 10,
    "stats": {
      "level": 1,
      "xp": 0,
      "xp_for_next_level": 100,
      "ability": 100,
      "reputation": 100
    },
    "imageURL": "https://cdn.discordapp.com/attachments/1014199645750186044/1105183331580117072/suit_jiwoong.png"
  },
  {
    "name": "Jungkook",
    "single": "BTS",
    "group": "SUIT",
    "category": "suit",
    "description": "Special - SUIT",
    "emoji": "👔",
    "globalID": "1100",
    "setID": "104",
    "rarity": 104,
    "price": 500,
    "sellPrice": 10,
    "stats": {
      "level": 1,
      "xp": 0,
      "xp_for_next_level": 100,
      "ability": 100,
      "reputation": 100
    },
    "imageURL": "https://cdn.discordapp.com/attachments/1014199645750186044/1105183331827585215/suit_jungkook.png"
  },
  {
    "name": "Karina",
    "single": "æspa",
    "group": "SUIT",
    "category": "suit",
    "description": "Special - SUIT",
    "emoji": "👔",
    "globalID": "1101",
    "setID": "104",
    "rarity": 104,
    "price": 500,
    "sellPrice": 10,
    "stats": {
      "level": 1,
      "xp": 0,
      "xp_for_next_level": 100,
      "ability": 100,
      "reputation": 100
    },
    "imageURL": "https://cdn.discordapp.com/attachments/1014199645750186044/1105183385304965230/suit_karina.png"
  },
  {
    "name": "Lucas",
    "single": "NCT",
    "group": "SUIT",
    "category": "suit",
    "description": "Special - SUIT",
    "emoji": "👔",
    "globalID": "1102",
    "setID": "104",
    "rarity": 104,
    "price": 500,
    "sellPrice": 10,
    "stats": {
      "level": 1,
      "xp": 0,
      "xp_for_next_level": 100,
      "ability": 100,
      "reputation": 100
    },
    "imageURL": "https://cdn.discordapp.com/attachments/1014199645750186044/1105183385644699698/suit_lucas.png"
  },
  {
    "name": "Ryujin",
    "single": "ITZY",
    "group": "SUIT",
    "category": "suit",
    "description": "Special - SUIT",
    "emoji": "👔",
    "globalID": "1103",
    "setID": "104",
    "rarity": 104,
    "price": 500,
    "sellPrice": 10,
    "stats": {
      "level": 1,
      "xp": 0,
      "xp_for_next_level": 100,
      "ability": 100,
      "reputation": 100
    },
    "imageURL": "https://cdn.discordapp.com/attachments/1014199645750186044/1105183385942499398/suit_ryujin.png"
  },
  {
    "name": "Sehun",
    "single": "EXO",
    "group": "SUIT",
    "category": "suit",
    "description": "Special - SUIT",
    "emoji": "👔",
    "globalID": "1104",
    "setID": "104",
    "rarity": 104,
    "price": 500,
    "sellPrice": 10,
    "stats": {
      "level": 1,
      "xp": 0,
      "xp_for_next_level": 100,
      "ability": 100,
      "reputation": 100
    },
    "imageURL": "https://cdn.discordapp.com/attachments/1014199645750186044/1105183386252882032/suit_sehun.png"
  },
  {
    "name": "Seolhyun",
    "single": "AOA",
    "group": "SUIT",
    "category": "suit",
    "description": "Special - SUIT",
    "emoji": "👔",
    "globalID": "1105",
    "setID": "104",
    "rarity": 104,
    "price": 500,
    "sellPrice": 10,
    "stats": {
      "level": 1,
      "xp": 0,
      "xp_for_next_level": 100,
      "ability": 100,
      "reputation": 100
    },
    "imageURL": "https://cdn.discordapp.com/attachments/1014199645750186044/1105183386613583993/suit_seolhyun.png"
  },
  {
    "name": "Seulgi",
    "single": "Red Velvet",
    "group": "SUIT",
    "category": "suit",
    "description": "Special - SUIT",
    "emoji": "👔",
    "globalID": "1106",
    "setID": "104",
    "rarity": 104,
    "price": 500,
    "sellPrice": 10,
    "stats": {
      "level": 1,
      "xp": 0,
      "xp_for_next_level": 100,
      "ability": 100,
      "reputation": 100
    },
    "imageURL": "https://cdn.discordapp.com/attachments/1014199645750186044/1105183386915578016/suit_seulgi.png"
  },
  {
    "name": "Shownu",
    "single": "MONSTA X",
    "group": "SUIT",
    "category": "suit",
    "description": "Special - SUIT",
    "emoji": "👔",
    "globalID": "1107",
    "setID": "104",
    "rarity": 104,
    "price": 500,
    "sellPrice": 10,
    "stats": {
      "level": 1,
      "xp": 0,
      "xp_for_next_level": 100,
      "ability": 100,
      "reputation": 100
    },
    "imageURL": "https://cdn.discordapp.com/attachments/1014199645750186044/1105183387318227065/suit_shownu.png"
  },
  {
    "name": "Shuhua",
    "single": "(G)I-dle",
    "group": "SUIT",
    "category": "suit",
    "description": "Special - SUIT",
    "emoji": "👔",
    "globalID": "1108",
    "setID": "104",
    "rarity": 104,
    "price": 500,
    "sellPrice": 10,
    "stats": {
      "level": 1,
      "xp": 0,
      "xp_for_next_level": 100,
      "ability": 100,
      "reputation": 100
    },
    "imageURL": "https://cdn.discordapp.com/attachments/1014199645750186044/1105183387746050249/suit_shuhua.png"
  },
  {
    "name": "Wonwoo",
    "single": "SEVENTEEN",
    "group": "SUIT",
    "category": "suit",
    "description": "Special - SUIT",
    "emoji": "👔",
    "globalID": "1109",
    "setID": "104",
    "rarity": 104,
    "price": 500,
    "sellPrice": 10,
    "stats": {
      "level": 1,
      "xp": 0,
      "xp_for_next_level": 100,
      "ability": 100,
      "reputation": 100
    },
    "imageURL": "https://cdn.discordapp.com/attachments/1014199645750186044/1105183388115152969/suit_wonwoo.png"
  },
  {
    "name": "Yunjin",
    "single": "LE SSERAFIM",
    "group": "SUIT",
    "category": "suit",
    "description": "Special - SUIT",
    "emoji": "👔",
    "globalID": "1110",
    "setID": "104",
    "rarity": 104,
    "price": 500,
    "sellPrice": 10,
    "stats": {
      "level": 1,
      "xp": 0,
      "xp_for_next_level": 100,
      "ability": 100,
      "reputation": 100
    },
    "imageURL": "https://cdn.discordapp.com/attachments/1014199645750186044/1105183388467466371/suit_yunjin.png"
  }
]