[
  {
    "name": "Yeojin",
    "group": "WINTER23",
    "single": "LOONA",
    "category": "seas",
    "description": "**Season** :: WINTER23",
    "emoji": "❄️",
    "globalID": "2160",
    "setID": "161",
    "rarity": 22,
    "price": 10,
    "sellPrice": 10,
    "stats": {
      "level": 1,
      "xp": 0,
      "xp_for_next_level": 100,
      "ability": 100,
      "reputation": 100
    },
    "imageURL": "https://cdn.discordapp.com/attachments/1014199645750186044/1080463680673681418/winter23_yeojin.png"
  },
  {
    "name": "RM",
    "group": "WINTER23",
    "single": "BTS",
    "category": "seas",
    "description": "**Season** :: WINTER23",
    "emoji": "❄️",
    "globalID": "2167",
    "setID": "161",
    "rarity": 22,
    "price": 10,
    "sellPrice": 10,
    "stats": {
      "level": 1,
      "xp": 0,
      "xp_for_next_level": 100,
      "ability": 100,
      "reputation": 100
    },
    "imageURL": "https://cdn.discordapp.com/attachments/1014199645750186044/1081653673073057913/winter23_rm.png"
  },
  {
    "name": "Seulgi",
    "group": "WINTER23",
    "single": "Red Velvet",
    "category": "seas",
    "description": "**Season** :: WINTER23",
    "emoji": "❄️",
    "globalID": "2168",
    "setID": "161",
    "rarity": 22,
    "price": 10,
    "sellPrice": 10,
    "stats": {
      "level": 1,
      "xp": 0,
      "xp_for_next_level": 100,
      "ability": 100,
      "reputation": 100
    },
    "imageURL": "https://cdn.discordapp.com/attachments/1014199645750186044/1081653673358266449/winter23_seulgi.png"
  },
  {
    "name": "Dohyon",
    "group": "WINTER23",
    "single": "BAE173",
    "category": "seas",
    "description": "**Season** :: WINTER23",
    "emoji": "❄️",
    "globalID": "2174",
    "setID": "161",
    "rarity": 22,
    "price": 10,
    "sellPrice": 10,
    "stats": {
      "level": 1,
      "xp": 0,
      "xp_for_next_level": 100,
      "ability": 100,
      "reputation": 100
    },
    "imageURL": "https://cdn.discordapp.com/attachments/1014199645750186044/1086658307751678082/winter23_dohyon.png"
  },
  {
    "name": "Winter",
    "group": "WINTER23",
    "single": "aespa",
    "category": "seas",
    "description": "**Season** :: WINTER23",
    "emoji": "❄️",
    "globalID": "2182",
    "setID": "161",
    "rarity": 22,
    "price": 10,
    "sellPrice": 10,
    "stats": {
      "level": 1,
      "xp": 0,
      "xp_for_next_level": 100,
      "ability": 100,
      "reputation": 100
    },
    "imageURL": "https://cdn.discordapp.com/attachments/1014199645750186044/1086658309836247181/winter23_winter.png"
  },
  {
    "name": "Mina",
    "group": "WINTER23",
    "single": "TWICE",
    "category": "seas",
    "description": "**Season** :: WINTER23",
    "emoji": "❄️",
    "globalID": "2163",
    "setID": "161",
    "rarity": 22,
    "price": 10,
    "sellPrice": 10,
    "stats": {
      "level": 1,
      "xp": 0,
      "xp_for_next_level": 100,
      "ability": 100,
      "reputation": 100
    },
    "imageURL": "https://cdn.discordapp.com/attachments/1014199645750186044/1081653671097552948/winter23_mina.png"
  },
  {
    "name": "Jisung",
    "group": "WINTER23",
    "single": "NCT",
    "category": "seas",
    "description": "**Season** :: WINTER23",
    "emoji": "❄️",
    "globalID": "2175",
    "setID": "161",
    "rarity": 22,
    "price": 10,
    "sellPrice": 10,
    "stats": {
      "level": 1,
      "xp": 0,
      "xp_for_next_level": 100,
      "ability": 100,
      "reputation": 100
    },
    "imageURL": "https://cdn.discordapp.com/attachments/1014199645750186044/1086658307999146004/winter23_jisung.png"
  },
  {
    "name": "Kyujin",
    "group": "WINTER23",
    "single": "NMIXX",
    "category": "seas",
    "description": "**Season** :: WINTER23",
    "emoji": "❄️",
    "globalID": "2178",
    "setID": "161",
    "rarity": 22,
    "price": 10,
    "sellPrice": 10,
    "stats": {
      "level": 1,
      "xp": 0,
      "xp_for_next_level": 100,
      "ability": 100,
      "reputation": 100
    },
    "imageURL": "https://cdn.discordapp.com/attachments/1014199645750186044/1086658308728955000/winter23_kyujin.png"
  },
  {
    "name": "Seokhwa",
    "group": "WINTER23",
    "single": "WEi",
    "category": "seas",
    "description": "**Season** :: WINTER23",
    "emoji": "❄️",
    "globalID": "2157",
    "setID": "161",
    "rarity": 22,
    "price": 10,
    "sellPrice": 10,
    "stats": {
      "level": 1,
      "xp": 0,
      "xp_for_next_level": 100,
      "ability": 100,
      "reputation": 100
    },
    "imageURL": "https://cdn.discordapp.com/attachments/1014199645750186044/1080463679528640533/winter23_seokhwa.png"
  },
  {
    "name": "Yangyang",
    "group": "WINTER23",
    "single": "WAYV",
    "category": "seas",
    "description": "**Season** :: WINTER23",
    "emoji": "❄️",
    "globalID": "2159",
    "setID": "161",
    "rarity": 22,
    "price": 10,
    "sellPrice": 10,
    "stats": {
      "level": 1,
      "xp": 0,
      "xp_for_next_level": 100,
      "ability": 100,
      "reputation": 100
    },
    "imageURL": "https://cdn.discordapp.com/attachments/1014199645750186044/1080463680338133003/winter23_yangyang.png"
  },
  {
    "name": "Eunseo",
    "group": "WINTER23",
    "single": "WJSN",
    "category": "seas",
    "description": "**Season** :: WINTER23",
    "emoji": "❄️",
    "globalID": "2161",
    "setID": "161",
    "rarity": 22,
    "price": 10,
    "sellPrice": 10,
    "stats": {
      "level": 1,
      "xp": 0,
      "xp_for_next_level": 100,
      "ability": 100,
      "reputation": 100
    },
    "imageURL": "https://cdn.discordapp.com/attachments/1014199645750186044/1081653758250991637/winter23_eunseo.png"
  },
  {
    "name": "Tsuki",
    "group": "WINTER23",
    "single": "billlie",
    "category": "seas",
    "description": "**Season** :: WINTER23",
    "emoji": "❄️",
    "globalID": "2181",
    "setID": "161",
    "rarity": 22,
    "price": 10,
    "sellPrice": 10,
    "stats": {
      "level": 1,
      "xp": 0,
      "xp_for_next_level": 100,
      "ability": 100,
      "reputation": 100
    },
    "imageURL": "https://cdn.discordapp.com/attachments/1014199645750186044/1086658309584597012/winter23_tsuki.png"
  },
  {
    "name": "Sehun",
    "group": "WINTER23",
    "single": "EXO",
    "category": "seas",
    "description": "**Season** :: WINTER23",
    "emoji": "❄️",
    "globalID": "2156",
    "setID": "161",
    "rarity": 22,
    "price": 10,
    "sellPrice": 10,
    "stats": {
      "level": 1,
      "xp": 0,
      "xp_for_next_level": 100,
      "ability": 100,
      "reputation": 100
    },
    "imageURL": "https://cdn.discordapp.com/attachments/1014199645750186044/1080463679130173470/winter23_sehun.png"
  },
  {
    "name": "Bona",
    "group": "WINTER23",
    "single": "WJSN",
    "category": "seas",
    "description": "**Season** :: WINTER23",
    "emoji": "❄️",
    "globalID": "2152",
    "setID": "161",
    "rarity": 22,
    "price": 10,
    "sellPrice": 10,
    "stats": {
      "level": 1,
      "xp": 0,
      "xp_for_next_level": 100,
      "ability": 100,
      "reputation": 100
    },
    "imageURL": "https://cdn.discordapp.com/attachments/1014199645750186044/1080463677603455026/winter23_bona.png"
  },
  {
    "name": "Jacob",
    "group": "WINTER23",
    "single": "THE BOYZ",
    "category": "seas",
    "description": "**Season** :: WINTER23",
    "emoji": "❄️",
    "globalID": "2155",
    "setID": "161",
    "rarity": 22,
    "price": 10,
    "sellPrice": 10,
    "stats": {
      "level": 1,
      "xp": 0,
      "xp_for_next_level": 100,
      "ability": 100,
      "reputation": 100
    },
    "imageURL": "https://cdn.discordapp.com/attachments/1014199645750186044/1080463678442315846/winter23_jacob.png"
  },
  {
    "name": "Soobin",
    "group": "WINTER23",
    "single": "TXT",
    "category": "seas",
    "description": "**Season** :: WINTER23",
    "emoji": "❄️",
    "globalID": "2169",
    "setID": "161",
    "rarity": 22,
    "price": 10,
    "sellPrice": 10,
    "stats": {
      "level": 1,
      "xp": 0,
      "xp_for_next_level": 100,
      "ability": 100,
      "reputation": 100
    },
    "imageURL": "https://cdn.discordapp.com/attachments/1014199645750186044/1081653673651884052/winter23_soobin.png"
  },
  {
    "name": "J",
    "group": "WINTER23",
    "single": "STAYC",
    "category": "seas",
    "description": "**Season** :: WINTER23",
    "emoji": "❄️",
    "globalID": "2154",
    "setID": "161",
    "rarity": 22,
    "price": 10,
    "sellPrice": 10,
    "stats": {
      "level": 1,
      "xp": 0,
      "xp_for_next_level": 100,
      "ability": 100,
      "reputation": 100
    },
    "imageURL": "https://cdn.discordapp.com/attachments/1014199645750186044/1080463678182260816/winter23_j.png"
  },
  {
    "name": "Junho",
    "group": "WINTER23",
    "single": "DRIPPIN",
    "category": "seas",
    "description": "**Season** :: WINTER23",
    "emoji": "❄️",
    "globalID": "2162",
    "setID": "161",
    "rarity": 22,
    "price": 10,
    "sellPrice": 10,
    "stats": {
      "level": 1,
      "xp": 0,
      "xp_for_next_level": 100,
      "ability": 100,
      "reputation": 100
    },
    "imageURL": "https://cdn.discordapp.com/attachments/1014199645750186044/1081653670795546765/winter23_junho.png"
  },
  {
    "name": "Joohoney",
    "group": "WINTER23",
    "single": "MONSTA X",
    "category": "seas",
    "description": "**Season** :: WINTER23",
    "emoji": "❄️",
    "globalID": "2176",
    "setID": "161",
    "rarity": 22,
    "price": 10,
    "sellPrice": 10,
    "stats": {
      "level": 1,
      "xp": 0,
      "xp_for_next_level": 100,
      "ability": 100,
      "reputation": 100
    },
    "imageURL": "https://cdn.discordapp.com/attachments/1014199645750186044/1086658308267585556/winter23_joohoney.png"
  },
  {
    "name": "Joshua",
    "group": "WINTER23",
    "single": "SEVENTEEN",
    "category": "seas",
    "description": "**Season** :: WINTER23",
    "emoji": "❄️",
    "globalID": "2177",
    "setID": "161",
    "rarity": 22,
    "price": 10,
    "sellPrice": 10,
    "stats": {
      "level": 1,
      "xp": 0,
      "xp_for_next_level": 100,
      "ability": 100,
      "reputation": 100
    },
    "imageURL": "https://cdn.discordapp.com/attachments/1014199645750186044/1086658308485681242/winter23_joshua.png"
  },
  {
    "name": "Hanni",
    "group": "WINTER23",
    "single": "NewJeans",
    "category": "seas",
    "description": "**Season** :: WINTER23",
    "emoji": "❄️",
    "globalID": "2153",
    "setID": "161",
    "rarity": 22,
    "price": 10,
    "sellPrice": 10,
    "stats": {
      "level": 1,
      "xp": 0,
      "xp_for_next_level": 100,
      "ability": 100,
      "reputation": 100
    },
    "imageURL": "https://cdn.discordapp.com/attachments/1014199645750186044/1080463677905440808/winter23_hanni.png"
  },
  {
    "name": "Sungjae",
    "group": "WINTER23",
    "single": "BtoB",
    "category": "seas",
    "description": "**Season** :: WINTER23",
    "emoji": "❄️",
    "globalID": "2158",
    "setID": "161",
    "rarity": 22,
    "price": 10,
    "sellPrice": 10,
    "stats": {
      "level": 1,
      "xp": 0,
      "xp_for_next_level": 100,
      "ability": 100,
      "reputation": 100
    },
    "imageURL": "https://cdn.discordapp.com/attachments/1014199645750186044/1080463679893540966/winter23_sungjae.png"
  },
  {
    "name": "Rei",
    "group": "WINTER23",
    "single": "IVE",
    "category": "seas",
    "description": "**Season** :: WINTER23",
    "emoji": "❄️",
    "globalID": "2165",
    "setID": "161",
    "rarity": 22,
    "price": 10,
    "sellPrice": 10,
    "stats": {
      "level": 1,
      "xp": 0,
      "xp_for_next_level": 100,
      "ability": 100,
      "reputation": 100
    },
    "imageURL": "https://cdn.discordapp.com/attachments/1014199645750186044/1081653672137740458/winter23_rei.png"
  },
  {
    "name": "Yoona",
    "group": "WINTER23",
    "single": "Girls' Generation",
    "category": "seas",
    "description": "**Season** :: WINTER23",
    "emoji": "❄️",
    "globalID": "2172",
    "setID": "161",
    "rarity": 22,
    "price": 10,
    "sellPrice": 10,
    "stats": {
      "level": 1,
      "xp": 0,
      "xp_for_next_level": 100,
      "ability": 100,
      "reputation": 100
    },
    "imageURL": "https://cdn.discordapp.com/attachments/1014199645750186044/1081653758490054756/winter23_yoona.png"
  },
  {
    "name": "Chanyeol",
    "group": "WINTER23",
    "single": "EXO",
    "category": "seas",
    "description": "**Season** :: WINTER23",
    "emoji": "❄️",
    "globalID": "2173",
    "setID": "161",
    "rarity": 22,
    "price": 10,
    "sellPrice": 10,
    "stats": {
      "level": 1,
      "xp": 0,
      "xp_for_next_level": 100,
      "ability": 100,
      "reputation": 100
    },
    "imageURL": "https://cdn.discordapp.com/attachments/1014199645750186044/1086658307462279270/winter23_chanyeol.png"
  },
  {
    "name": "Taeyeon",
    "group": "WINTER23",
    "single": "Girls' Generation",
    "category": "seas",
    "description": "**Season** :: WINTER23",
    "emoji": "❄️",
    "globalID": "2180",
    "setID": "161",
    "rarity": 22,
    "price": 10,
    "sellPrice": 10,
    "stats": {
      "level": 1,
      "xp": 0,
      "xp_for_next_level": 100,
      "ability": 100,
      "reputation": 100
    },
    "imageURL": "https://cdn.discordapp.com/attachments/1014199645750186044/1086658309316157470/winter23_taeyeon.png"
  },
  {
    "name": "Moonbin",
    "group": "WINTER23",
    "single": "ASTRO",
    "category": "seas",
    "description": "**Season** :: WINTER23",
    "emoji": "❄️",
    "globalID": "2164",
    "setID": "161",
    "rarity": 22,
    "price": 10,
    "sellPrice": 10,
    "stats": {
      "level": 1,
      "xp": 0,
      "xp_for_next_level": 100,
      "ability": 100,
      "reputation": 100
    },
    "imageURL": "https://cdn.discordapp.com/attachments/1014199645750186044/1081653671491801138/winter23_moonbin.png"
  },
  {
    "name": "Sunghoon",
    "group": "WINTER23",
    "single": "ENHYPEN",
    "category": "seas",
    "description": "**Season** :: WINTER23",
    "emoji": "❄️",
    "globalID": "2170",
    "setID": "161",
    "rarity": 22,
    "price": 10,
    "sellPrice": 10,
    "stats": {
      "level": 1,
      "xp": 0,
      "xp_for_next_level": 100,
      "ability": 100,
      "reputation": 100
    },
    "imageURL": "https://cdn.discordapp.com/attachments/1014199645750186044/1081653673979027486/winter23_sunghoon.png"
  },
  {
    "name": "Yeji",
    "group": "WINTER23",
    "single": "ITZY",
    "category": "seas",
    "description": "**Season** :: WINTER23",
    "emoji": "❄️",
    "globalID": "2171",
    "setID": "161",
    "rarity": 22,
    "price": 10,
    "sellPrice": 10,
    "stats": {
      "level": 1,
      "xp": 0,
      "xp_for_next_level": 100,
      "ability": 100,
      "reputation": 100
    },
    "imageURL": "https://cdn.discordapp.com/attachments/1014199645750186044/1081653674285207743/winter23_yeji.png"
  },
  {
    "name": "Rosé",
    "group": "WINTER23",
    "single": "BLACKPINK",
    "category": "seas",
    "description": "**Season** :: WINTER23",
    "emoji": "❄️",
    "globalID": "2179",
    "setID": "161",
    "rarity": 22,
    "price": 10,
    "sellPrice": 10,
    "stats": {
      "level": 1,
      "xp": 0,
      "xp_for_next_level": 100,
      "ability": 100,
      "reputation": 100
    },
    "imageURL": "https://cdn.discordapp.com/attachments/1014199645750186044/1086658309014171768/winter23_rose.png"
  },
  {
    "name": "Chorong",
    "group": "SPRING23",
    "single": "Apink",
    "category": "seas",
    "description": "**Season** :: SPRING23",
    "emoji": "🍃",
    "globalID": "2236",
    "setID": "162",
    "rarity": 18,
    "price": 10,
    "sellPrice": 10,
    "stats": {
      "level": 1,
      "xp": 0,
      "xp_for_next_level": 100,
      "ability": 100,
      "reputation": 100
    },
    "imageURL": "https://cdn.discordapp.com/attachments/1014199645750186044/1097201776668713000/spring23_chorong.png"
  },
  {
    "name": "Dahyun",
    "group": "SPRING23",
    "single": "TWICE",
    "category": "seas",
    "description": "**Season** :: SPRING23",
    "emoji": "🍃",
    "globalID": "2237",
    "setID": "162",
    "rarity": 18,
    "price": 10,
    "sellPrice": 10,
    "stats": {
      "level": 1,
      "xp": 0,
      "xp_for_next_level": 100,
      "ability": 100,
      "reputation": 100
    },
    "imageURL": "https://cdn.discordapp.com/attachments/1014199645750186044/1097201776958128158/spring23_dahyun.png"
  },
  {
    "name": "Dino",
    "group": "SPRING23",
    "single": "SEVENTEEN",
    "category": "seas",
    "description": "**Season** :: SPRING23",
    "emoji": "🍃",
    "globalID": "2238",
    "setID": "162",
    "rarity": 18,
    "price": 10,
    "sellPrice": 10,
    "stats": {
      "level": 1,
      "xp": 0,
      "xp_for_next_level": 100,
      "ability": 100,
      "reputation": 100
    },
    "imageURL": "https://cdn.discordapp.com/attachments/1014199645750186044/1097201777193013318/spring23_dino.png"
  },
  {
    "name": "D.O.",
    "group": "SPRING23",
    "single": "EXO",
    "category": "seas",
    "description": "**Season** :: SPRING23",
    "emoji": "🍃",
    "globalID": "2239",
    "setID": "162",
    "rarity": 18,
    "price": 10,
    "sellPrice": 10,
    "stats": {
      "level": 1,
      "xp": 0,
      "xp_for_next_level": 100,
      "ability": 100,
      "reputation": 100
    },
    "imageURL": "https://cdn.discordapp.com/attachments/1014199645750186044/1097201777499185262/spring23_do.png"
  },
  {
    "name": "Doyoung",
    "group": "SPRING23",
    "single": "NCT",
    "category": "seas",
    "description": "**Season** :: SPRING23",
    "emoji": "🍃",
    "globalID": "2240",
    "setID": "162",
    "rarity": 18,
    "price": 10,
    "sellPrice": 10,
    "stats": {
      "level": 1,
      "xp": 0,
      "xp_for_next_level": 100,
      "ability": 100,
      "reputation": 100
    },
    "imageURL": "https://cdn.discordapp.com/attachments/1014199645750186044/1097201777855709376/spring23_doyoung.png"
  },
  {
    "name": "Eunchae",
    "group": "SPRING23",
    "single": "LE SSERAFIM",
    "category": "seas",
    "description": "**Season** :: SPRING23",
    "emoji": "🍃",
    "globalID": "2241",
    "setID": "162",
    "rarity": 18,
    "price": 10,
    "sellPrice": 10,
    "stats": {
      "level": 1,
      "xp": 0,
      "xp_for_next_level": 100,
      "ability": 100,
      "reputation": 100
    },
    "imageURL": "https://cdn.discordapp.com/attachments/1014199645750186044/1097201778119954562/spring23_eunchae.png"
  },
  {
    "name": "Gikwang",
    "group": "SPRING23",
    "single": "HIGHLIGHT",
    "category": "seas",
    "description": "**Season** :: SPRING23",
    "emoji": "🍃",
    "globalID": "2242",
    "setID": "162",
    "rarity": 18,
    "price": 10,
    "sellPrice": 10,
    "stats": {
      "level": 1,
      "xp": 0,
      "xp_for_next_level": 100,
      "ability": 100,
      "reputation": 100
    },
    "imageURL": "https://cdn.discordapp.com/attachments/1014199645750186044/1097201778392572026/spring23_gikwang.png"
  },
  {
    "name": "Giselle",
    "group": "SPRING23",
    "single": "aespa",
    "category": "seas",
    "description": "**Season** :: SPRING23",
    "emoji": "🍃",
    "globalID": "2243",
    "setID": "162",
    "rarity": 18,
    "price": 10,
    "sellPrice": 10,
    "stats": {
      "level": 1,
      "xp": 0,
      "xp_for_next_level": 100,
      "ability": 100,
      "reputation": 100
    },
    "imageURL": "https://cdn.discordapp.com/attachments/1014199645750186044/1097201778702958613/spring23_giselle.png"
  },
  {
    "name": "Go Won",
    "group": "SPRING23",
    "single": "LOONA",
    "category": "seas",
    "description": "**Season** :: SPRING23",
    "emoji": "🍃",
    "globalID": "2244",
    "setID": "162",
    "rarity": 18,
    "price": 10,
    "sellPrice": 10,
    "stats": {
      "level": 1,
      "xp": 0,
      "xp_for_next_level": 100,
      "ability": 100,
      "reputation": 100
    },
    "imageURL": "https://cdn.discordapp.com/attachments/1014199645750186044/1097201891622006946/spring23__gowon.png"
  },
  {
    "name": "Haseul",
    "group": "SPRING23",
    "single": "LOONA",
    "category": "seas",
    "description": "**Season** :: SPRING23",
    "emoji": "🍃",
    "globalID": "2245",
    "setID": "162",
    "rarity": 18,
    "price": 10,
    "sellPrice": 10,
    "stats": {
      "level": 1,
      "xp": 0,
      "xp_for_next_level": 100,
      "ability": 100,
      "reputation": 100
    },
    "imageURL": "https://cdn.discordapp.com/attachments/1014199645750186044/1097201778988175412/spring23_haseul.png"
  },
  {
    "name": "Huening Kai",
    "group": "SPRING23",
    "single": "TXT",
    "category": "seas",
    "description": "**Season** :: SPRING23",
    "emoji": "🍃",
    "globalID": "2246",
    "setID": "162",
    "rarity": 18,
    "price": 10,
    "sellPrice": 10,
    "stats": {
      "level": 1,
      "xp": 0,
      "xp_for_next_level": 100,
      "ability": 100,
      "reputation": 100
    },
    "imageURL": "https://cdn.discordapp.com/attachments/1014199645750186044/1097202006692728852/spring23_hueningkai.png"
  },
  {
    "name": "Jeno",
    "group": "SPRING23",
    "single": "NCT",
    "category": "seas",
    "description": "**Season** :: SPRING23",
    "emoji": "🍃",
    "globalID": "2247",
    "setID": "162",
    "rarity": 18,
    "price": 10,
    "sellPrice": 10,
    "stats": {
      "level": 1,
      "xp": 0,
      "xp_for_next_level": 100,
      "ability": 100,
      "reputation": 100
    },
    "imageURL": "https://cdn.discordapp.com/attachments/1014199645750186044/1097202006956982322/spring23_jeno.png"
  },
  {
    "name": "Jimin",
    "group": "SPRING23",
    "single": "Solo",
    "category": "seas",
    "description": "**Season** :: SPRING23",
    "emoji": "🍃",
    "globalID": "2248",
    "setID": "162",
    "rarity": 18,
    "price": 10,
    "sellPrice": 10,
    "stats": {
      "level": 1,
      "xp": 0,
      "xp_for_next_level": 100,
      "ability": 100,
      "reputation": 100
    },
    "imageURL": "https://cdn.discordapp.com/attachments/1014199645750186044/1097202007271538759/spring23_jimin.png"
  },
  {
    "name": "Jiwoo",
    "group": "SPRING23",
    "single": "NMIXX",
    "category": "seas",
    "description": "**Season** :: SPRING23",
    "emoji": "🍃",
    "globalID": "2249",
    "setID": "162",
    "rarity": 18,
    "price": 10,
    "sellPrice": 10,
    "stats": {
      "level": 1,
      "xp": 0,
      "xp_for_next_level": 100,
      "ability": 100,
      "reputation": 100
    },
    "imageURL": "https://cdn.discordapp.com/attachments/1014199645750186044/1097202007590309888/spring23_jiwoo.png"
  },
  {
    "name": "Joy",
    "group": "SPRING23",
    "single": "Red Velvet",
    "category": "seas",
    "description": "**Season** :: SPRING23",
    "emoji": "🍃",
    "globalID": "2250",
    "setID": "162",
    "rarity": 18,
    "price": 10,
    "sellPrice": 10,
    "stats": {
      "level": 1,
      "xp": 0,
      "xp_for_next_level": 100,
      "ability": 100,
      "reputation": 100
    },
    "imageURL": "https://cdn.discordapp.com/attachments/1014199645750186044/1097202007917478028/spring23_joy.png"
  },
  {
    "name": "Jungwon",
    "group": "SPRING23",
    "single": "ENHYPEN",
    "category": "seas",
    "description": "**Season** :: SPRING23",
    "emoji": "🍃",
    "globalID": "2251",
    "setID": "162",
    "rarity": 18,
    "price": 10,
    "sellPrice": 10,
    "stats": {
      "level": 1,
      "xp": 0,
      "xp_for_next_level": 100,
      "ability": 100,
      "reputation": 100
    },
    "imageURL": "https://cdn.discordapp.com/attachments/1014199645750186044/1097202008244621412/spring23_jungwon.png"
  },
  {
    "name": "Kun",
    "group": "SPRING23",
    "single": "NCT",
    "category": "seas",
    "description": "**Season** :: SPRING23",
    "emoji": "🍃",
    "globalID": "2252",
    "setID": "162",
    "rarity": 18,
    "price": 10,
    "sellPrice": 10,
    "stats": {
      "level": 1,
      "xp": 0,
      "xp_for_next_level": 100,
      "ability": 100,
      "reputation": 100
    },
    "imageURL": "https://cdn.discordapp.com/attachments/1014199645750186044/1097202008622121011/spring23_kun.png"
  },
  {
    "name": "Lisa",
    "group": "SPRING23",
    "single": "BLACKPINK",
    "category": "seas",
    "description": "**Season** :: SPRING23",
    "emoji": "🍃",
    "globalID": "2253",
    "setID": "162",
    "rarity": 18,
    "price": 10,
    "sellPrice": 10,
    "stats": {
      "level": 1,
      "xp": 0,
      "xp_for_next_level": 100,
      "ability": 100,
      "reputation": 100
    },
    "imageURL": "https://cdn.discordapp.com/attachments/1014199645750186044/1097202008953454742/spring23_lisa.png"
  },
  {
    "name": "Liz",
    "group": "SPRING23",
    "single": "IVE",
    "category": "seas",
    "description": "**Season** :: SPRING23",
    "emoji": "🍃",
    "globalID": "2254",
    "setID": "162",
    "rarity": 18,
    "price": 10,
    "sellPrice": 10,
    "stats": {
      "level": 1,
      "xp": 0,
      "xp_for_next_level": 100,
      "ability": 100,
      "reputation": 100
    },
    "imageURL": "https://cdn.discordapp.com/attachments/1014199645750186044/1097202009465163776/spring23_liz.png"
  },
  {
    "name": "Minhyuk",
    "group": "SPRING23",
    "single": "MONSTA X",
    "category": "seas",
    "description": "**Season** :: SPRING23",
    "emoji": "🍃",
    "globalID": "2255",
    "setID": "162",
    "rarity": 18,
    "price": 10,
    "sellPrice": 10,
    "stats": {
      "level": 1,
      "xp": 0,
      "xp_for_next_level": 100,
      "ability": 100,
      "reputation": 100
    },
    "imageURL": "https://cdn.discordapp.com/attachments/1014199645750186044/1097202009817497630/spring23_minhyuk.png"
  },
  {
    "name": "Minnie",
    "group": "SPRING23",
    "single": "GIDLE",
    "category": "seas",
    "description": "**Season** :: SPRING23",
    "emoji": "🍃",
    "globalID": "2256",
    "setID": "162",
    "rarity": 18,
    "price": 10,
    "sellPrice": 10,
    "stats": {
      "level": 1,
      "xp": 0,
      "xp_for_next_level": 100,
      "ability": 100,
      "reputation": 100
    },
    "imageURL": "https://cdn.discordapp.com/attachments/1014199645750186044/1097202078557941790/spring23_minnie.png"
  },
  {
    "name": "New",
    "group": "SPRING23",
    "single": "THE BOYZ",
    "category": "seas",
    "description": "**Season** :: SPRING23",
    "emoji": "🍃",
    "globalID": "2257",
    "setID": "162",
    "rarity": 18,
    "price": 10,
    "sellPrice": 10,
    "stats": {
      "level": 1,
      "xp": 0,
      "xp_for_next_level": 100,
      "ability": 100,
      "reputation": 100
    },
    "imageURL": "https://cdn.discordapp.com/attachments/1014199645750186044/1097202078838964274/spring23_new.png"
  },
  {
    "name": "RM",
    "group": "SPRING23",
    "single": "BTS",
    "category": "seas",
    "description": "**Season** :: SPRING23",
    "emoji": "🍃",
    "globalID": "2258",
    "setID": "162",
    "rarity": 18,
    "price": 10,
    "sellPrice": 10,
    "stats": {
      "level": 1,
      "xp": 0,
      "xp_for_next_level": 100,
      "ability": 100,
      "reputation": 100
    },
    "imageURL": "https://cdn.discordapp.com/attachments/1014199645750186044/1097202079073849354/spring23_rm.png"
  },
  {
    "name": "Ryeowook",
    "group": "SPRING23",
    "single": "Super Junior",
    "category": "seas",
    "description": "**Season** :: SPRING23",
    "emoji": "🍃",
    "globalID": "2259",
    "setID": "162",
    "rarity": 18,
    "price": 10,
    "sellPrice": 10,
    "stats": {
      "level": 1,
      "xp": 0,
      "xp_for_next_level": 100,
      "ability": 100,
      "reputation": 100
    },
    "imageURL": "https://cdn.discordapp.com/attachments/1014199645750186044/1097202079321305198/spring23_ryeowook.png"
  },
  {
    "name": "Sanha",
    "group": "SPRING23",
    "single": "ASTRO",
    "category": "seas",
    "description": "**Season** :: SPRING23",
    "emoji": "🍃",
    "globalID": "2260",
    "setID": "162",
    "rarity": 18,
    "price": 10,
    "sellPrice": 10,
    "stats": {
      "level": 1,
      "xp": 0,
      "xp_for_next_level": 100,
      "ability": 100,
      "reputation": 100
    },
    "imageURL": "https://cdn.discordapp.com/attachments/1014199645750186044/1097202079640076428/spring23_sanha.png"
  },
  {
    "name": "Seunghun",
    "group": "SPRING23",
    "single": "CIX",
    "category": "seas",
    "description": "**Season** :: SPRING23",
    "emoji": "🍃",
    "globalID": "2261",
    "setID": "162",
    "rarity": 18,
    "price": 10,
    "sellPrice": 10,
    "stats": {
      "level": 1,
      "xp": 0,
      "xp_for_next_level": 100,
      "ability": 100,
      "reputation": 100
    },
    "imageURL": "https://cdn.discordapp.com/attachments/1014199645750186044/1097202080021762088/spring23_seunghun.png"
  },
  {
    "name": "Soobin",
    "group": "SPRING23",
    "single": "WJSN",
    "category": "seas",
    "description": "**Season** :: SPRING23",
    "emoji": "🍃",
    "globalID": "2262",
    "setID": "162",
    "rarity": 18,
    "price": 10,
    "sellPrice": 10,
    "stats": {
      "level": 1,
      "xp": 0,
      "xp_for_next_level": 100,
      "ability": 100,
      "reputation": 100
    },
    "imageURL": "https://cdn.discordapp.com/attachments/1014199645750186044/1097202080256634930/spring23_soobin.png"
  },
  {
    "name": "Suhyeon",
    "group": "SPRING23",
    "single": "billlie",
    "category": "seas",
    "description": "**Season** :: SPRING23",
    "emoji": "🍃",
    "globalID": "2263",
    "setID": "162",
    "rarity": 18,
    "price": 10,
    "sellPrice": 10,
    "stats": {
      "level": 1,
      "xp": 0,
      "xp_for_next_level": 100,
      "ability": 100,
      "reputation": 100
    },
    "imageURL": "https://cdn.discordapp.com/attachments/1014199645750186044/1098021929908183091/spring23_suhyeon.png"
  },
  {
    "name": "Yeosang",
    "group": "SPRING23",
    "single": "ATEEZ",
    "category": "seas",
    "description": "**Season** :: SPRING23",
    "emoji": "🍃",
    "globalID": "2264",
    "setID": "162",
    "rarity": 18,
    "price": 10,
    "sellPrice": 10,
    "stats": {
      "level": 1,
      "xp": 0,
      "xp_for_next_level": 100,
      "ability": 100,
      "reputation": 100
    },
    "imageURL": "https://cdn.discordapp.com/attachments/1014199645750186044/1097202080839651400/spring23_yeosang.png"
  },
  {
    "name": "Yeseo",
    "group": "SPRING23",
    "single": "Kep1er",
    "category": "seas",
    "description": "**Season** :: SPRING23",
    "emoji": "🍃",
    "globalID": "2265",
    "setID": "162",
    "rarity": 18,
    "price": 10,
    "sellPrice": 10,
    "stats": {
      "level": 1,
      "xp": 0,
      "xp_for_next_level": 100,
      "ability": 100,
      "reputation": 100
    },
    "imageURL": "https://cdn.discordapp.com/attachments/1014199645750186044/1097202081108078613/spring23_yeseo.png"
  },
  {
    "name": "Dayeon",
    "group": "SUMMER23",
    "single": "kep1er",
    "category": "seas",
    "description": "**Season** :: SUMMER23",
    "emoji": "☀️",
    "globalID": "2365",
    "setID": "163",
    "rarity": 99,
    "price": 10,
    "sellPrice": 10,
    "stats": {
      "level": 1,
      "xp": 0,
      "xp_for_next_level": 100,
      "ability": 100,
      "reputation": 100
    },
    "imageURL": "https://media.discordapp.net/attachments/1107296640529879060/1117488574833627216/summer23_dayeon.png"
  },
  {
    "name": "DPR IAN & DPR LIVE",
    "group": "SUMMER23",
    "single": "Duo",
    "category": "seas",
    "description": "**Season** :: SUMMER23",
    "emoji": "☀️",
    "globalID": "2366",
    "setID": "163",
    "rarity": 99,
    "price": 10,
    "sellPrice": 10,
    "stats": {
      "level": 1,
      "xp": 0,
      "xp_for_next_level": 100,
      "ability": 100,
      "reputation": 100
    },
    "imageURL": "https://media.discordapp.net/attachments/1107296640529879060/1117488575169175612/summer23_dpr2.png"
  },
  {
    "name": "Eunbi",
    "group": "SUMMER23",
    "single": "Solo",
    "category": "seas",
    "description": "**Season** :: SUMMER23",
    "emoji": "☀️",
    "globalID": "2367",
    "setID": "163",
    "rarity": 99,
    "price": 10,
    "sellPrice": 10,
    "stats": {
      "level": 1,
      "xp": 0,
      "xp_for_next_level": 100,
      "ability": 100,
      "reputation": 100
    },
    "imageURL": "https://media.discordapp.net/attachments/1107296640529879060/1117488575580213248/summer23_eunbi.png"
  },
  {
    "name": "Eunwoo",
    "group": "SUMMER23",
    "single": "ASTRO",
    "category": "seas",
    "description": "**Season** :: SUMMER23",
    "emoji": "☀️",
    "globalID": "2368",
    "setID": "163",
    "rarity": 99,
    "price": 10,
    "sellPrice": 10,
    "stats": {
      "level": 1,
      "xp": 0,
      "xp_for_next_level": 100,
      "ability": 100,
      "reputation": 100
    },
    "imageURL": "https://media.discordapp.net/attachments/1107296640529879060/1117488575819292712/summer23_eunwoo.png"
  },
  {
    "name": "Hangyul",
    "group": "SUMMER23",
    "single": "BAE173",
    "category": "seas",
    "description": "**Season** :: SUMMER23",
    "emoji": "☀️",
    "globalID": "2369",
    "setID": "163",
    "rarity": 99,
    "price": 10,
    "sellPrice": 10,
    "stats": {
      "level": 1,
      "xp": 0,
      "xp_for_next_level": 100,
      "ability": 100,
      "reputation": 100
    },
    "imageURL": "https://media.discordapp.net/attachments/1107296640529879060/1117488576213553162/summer23_hangyul.png"
  },
  {
    "name": "Hanni",
    "group": "SUMMER23",
    "single": "NewJeans",
    "category": "seas",
    "description": "**Season** :: SUMMER23",
    "emoji": "☀️",
    "globalID": "2370",
    "setID": "163",
    "rarity": 99,
    "price": 10,
    "sellPrice": 10,
    "stats": {
      "level": 1,
      "xp": 0,
      "xp_for_next_level": 100,
      "ability": 100,
      "reputation": 100
    },
    "imageURL": "https://media.discordapp.net/attachments/1107296640529879060/1117488576893026507/summer23_hanni.png"
  },
  {
    "name": "Hongjoong",
    "group": "SUMMER23",
    "single": "ATEEZ",
    "category": "seas",
    "description": "**Season** :: SUMMER23",
    "emoji": "☀️",
    "globalID": "2371",
    "setID": "163",
    "rarity": 99,
    "price": 10,
    "sellPrice": 10,
    "stats": {
      "level": 1,
      "xp": 0,
      "xp_for_next_level": 100,
      "ability": 100,
      "reputation": 100
    },
    "imageURL": "https://media.discordapp.net/attachments/1107296640529879060/1117488577199214703/summer23_hoongjong.png"
  },
  {
    "name": "Hyolyn",
    "group": "SUMMER23",
    "single": "Solo",
    "category": "seas",
    "description": "**Season** :: SUMMER23",
    "emoji": "☀️",
    "globalID": "2372",
    "setID": "163",
    "rarity": 99,
    "price": 10,
    "sellPrice": 10,
    "stats": {
      "level": 1,
      "xp": 0,
      "xp_for_next_level": 100,
      "ability": 100,
      "reputation": 100
    },
    "imageURL": "https://media.discordapp.net/attachments/1107296640529879060/1117488577455063040/summer23_hyolyn.png"
  },
  {
    "name": "Hyuna",
    "group": "SUMMER23",
    "single": "Solo",
    "category": "seas",
    "description": "**Season** :: SUMMER23",
    "emoji": "☀️",
    "globalID": "2373",
    "setID": "163",
    "rarity": 99,
    "price": 10,
    "sellPrice": 10,
    "stats": {
      "level": 1,
      "xp": 0,
      "xp_for_next_level": 100,
      "ability": 100,
      "reputation": 100
    },
    "imageURL": "https://media.discordapp.net/attachments/1107296640529879060/1117488577731895346/summer23_hyuna.png"
  },
  {
    "name": "J",
    "group": "SUMMER23",
    "single": "STAYC",
    "category": "seas",
    "description": "**Season** :: SUMMER23",
    "emoji": "☀️",
    "globalID": "2374",
    "setID": "163",
    "rarity": 99,
    "price": 10,
    "sellPrice": 10,
    "stats": {
      "level": 1,
      "xp": 0,
      "xp_for_next_level": 100,
      "ability": 100,
      "reputation": 100
    },
    "imageURL": "https://media.discordapp.net/attachments/1107296640529879060/1117488578067431505/summer23_j.png"
  },
  {
    "name": "Jimin",
    "group": "SUMMER23",
    "single": "BTS",
    "category": "seas",
    "description": "**Season** :: SUMMER23",
    "emoji": "☀️",
    "globalID": "2375",
    "setID": "163",
    "rarity": 99,
    "price": 10,
    "sellPrice": 10,
    "stats": {
      "level": 1,
      "xp": 0,
      "xp_for_next_level": 100,
      "ability": 100,
      "reputation": 100
    },
    "imageURL": "https://media.discordapp.net/attachments/1107296640529879060/1117489952452775996/summer23_jimin.png"
  },
  {
    "name": "Joshua",
    "group": "SUMMER23",
    "single": "SEVENTEEN",
    "category": "seas",
    "description": "**Season** :: SUMMER23",
    "emoji": "☀️",
    "globalID": "2376",
    "setID": "163",
    "rarity": 99,
    "price": 10,
    "sellPrice": 10,
    "stats": {
      "level": 1,
      "xp": 0,
      "xp_for_next_level": 100,
      "ability": 100,
      "reputation": 100
    },
    "imageURL": "https://media.discordapp.net/attachments/1107296640529879060/1117489952998039702/summer23_joshua.png"
  },
  {
    "name": "Juyeon",
    "group": "SUMMER23",
    "single": "THE BOYZ",
    "category": "seas",
    "description": "**Season** :: SUMMER23",
    "emoji": "☀️",
    "globalID": "2377",
    "setID": "163",
    "rarity": 99,
    "price": 10,
    "sellPrice": 10,
    "stats": {
      "level": 1,
      "xp": 0,
      "xp_for_next_level": 100,
      "ability": 100,
      "reputation": 100
    },
    "imageURL": "https://media.discordapp.net/attachments/1107296640529879060/1117489953484570845/summer23_juyeon.png"
  },
  {
    "name": "Kai",
    "group": "SUMMER23",
    "single": "EXO",
    "category": "seas",
    "description": "**Season** :: SUMMER23",
    "emoji": "☀️",
    "globalID": "2378",
    "setID": "163",
    "rarity": 99,
    "price": 10,
    "sellPrice": 10,
    "stats": {
      "level": 1,
      "xp": 0,
      "xp_for_next_level": 100,
      "ability": 100,
      "reputation": 100
    },
    "imageURL": "https://media.discordapp.net/attachments/1107296640529879060/1117489953937563738/summer23_kai.png"
  },
  {
    "name": "Karina",
    "group": "SUMMER23",
    "single": "aespa",
    "category": "seas",
    "description": "**Season** :: SUMMER23",
    "emoji": "☀️",
    "globalID": "2379",
    "setID": "163",
    "rarity": 99,
    "price": 10,
    "sellPrice": 10,
    "stats": {
      "level": 1,
      "xp": 0,
      "xp_for_next_level": 100,
      "ability": 100,
      "reputation": 100
    },
    "imageURL": "https://media.discordapp.net/attachments/1107296640529879060/1117489954436677642/summer23_karina.png"
  },
  {
    "name": "Kazuha",
    "group": "SUMMER23",
    "single": "LE SSERAFIM",
    "category": "seas",
    "description": "**Season** :: SUMMER23",
    "emoji": "☀️",
    "globalID": "2380",
    "setID": "163",
    "rarity": 99,
    "price": 10,
    "sellPrice": 10,
    "stats": {
      "level": 1,
      "xp": 0,
      "xp_for_next_level": 100,
      "ability": 100,
      "reputation": 100
    },
    "imageURL": "https://media.discordapp.net/attachments/1107296640529879060/1117489954902249574/summer23_kazuha.png"
  },
  {
    "name": "Keeho",
    "group": "SUMMER23",
    "single": "P1Harmony",
    "category": "seas",
    "description": "**Season** :: SUMMER23",
    "emoji": "☀️",
    "globalID": "2381",
    "setID": "163",
    "rarity": 99,
    "price": 10,
    "sellPrice": 10,
    "stats": {
      "level": 1,
      "xp": 0,
      "xp_for_next_level": 100,
      "ability": 100,
      "reputation": 100
    },
    "imageURL": "https://media.discordapp.net/attachments/1107296640529879060/1117489955493642260/summer23_keeho.png"
  },
  {
    "name": "Kim Lip",
    "group": "SUMMER23",
    "single": "ARTMS",
    "category": "seas",
    "description": "**Season** :: SUMMER23",
    "emoji": "☀️",
    "globalID": "2382",
    "setID": "163",
    "rarity": 99,
    "price": 10,
    "sellPrice": 10,
    "stats": {
      "level": 1,
      "xp": 0,
      "xp_for_next_level": 100,
      "ability": 100,
      "reputation": 100
    },
    "imageURL": "https://media.discordapp.net/attachments/1107296640529879060/1117489956147961947/summer23_kimlip.png"
  },
  {
    "name": "Mark",
    "group": "SUMMER23",
    "single": "NCT",
    "category": "seas",
    "description": "**Season** :: SUMMER23",
    "emoji": "☀️",
    "globalID": "2383",
    "setID": "163",
    "rarity": 99,
    "price": 10,
    "sellPrice": 10,
    "stats": {
      "level": 1,
      "xp": 0,
      "xp_for_next_level": 100,
      "ability": 100,
      "reputation": 100
    },
    "imageURL": "https://media.discordapp.net/attachments/1107296640529879060/1117489956642885812/summer23_mark.png"
  },
  {
    "name": "Onew",
    "group": "SUMMER23",
    "single": "SHINee",
    "category": "seas",
    "description": "**Season** :: SUMMER23",
    "emoji": "☀️",
    "globalID": "2384",
    "setID": "163",
    "rarity": 99,
    "price": 10,
    "sellPrice": 10,
    "stats": {
      "level": 1,
      "xp": 0,
      "xp_for_next_level": 100,
      "ability": 100,
      "reputation": 100
    },
    "imageURL": "https://media.discordapp.net/attachments/1107296640529879060/1117489957116838019/summer23_onew.png"
  },
  {
    "name": "Seungkwan",
    "group": "SUMMER23",
    "single": "SEVENTEEN",
    "category": "seas",
    "description": "**Season** :: SUMMER23",
    "emoji": "☀️",
    "globalID": "2385",
    "setID": "163",
    "rarity": 99,
    "price": 10,
    "sellPrice": 10,
    "stats": {
      "level": 1,
      "xp": 0,
      "xp_for_next_level": 100,
      "ability": 100,
      "reputation": 100
    },
    "imageURL": "https://media.discordapp.net/attachments/1107296640529879060/1117490017288331284/summer23_seungkwan.png"
  },
  {
    "name": "Somi",
    "group": "SUMMER23",
    "single": "Solo",
    "category": "seas",
    "description": "**Season** :: SUMMER23",
    "emoji": "☀️",
    "globalID": "2386",
    "setID": "163",
    "rarity": 99,
    "price": 10,
    "sellPrice": 10,
    "stats": {
      "level": 1,
      "xp": 0,
      "xp_for_next_level": 100,
      "ability": 100,
      "reputation": 100
    },
    "imageURL": "https://media.discordapp.net/attachments/1107296640529879060/1117490017690976366/summer23_somi.png"
  },
  {
    "name": "Soyeon",
    "group": "SUMMER23",
    "single": "GIDLE",
    "category": "seas",
    "description": "**Season** :: SUMMER23",
    "emoji": "☀️",
    "globalID": "2387",
    "setID": "163",
    "rarity": 99,
    "price": 10,
    "sellPrice": 10,
    "stats": {
      "level": 1,
      "xp": 0,
      "xp_for_next_level": 100,
      "ability": 100,
      "reputation": 100
    },
    "imageURL": "https://media.discordapp.net/attachments/1107296640529879060/1117490018110410752/summer23_soyeon.png"
  },
  {
    "name": "Wonho",
    "group": "SUMMER23",
    "single": "Solo",
    "category": "seas",
    "description": "**Season** :: SUMMER23",
    "emoji": "☀️",
    "globalID": "2388",
    "setID": "163",
    "rarity": 99,
    "price": 10,
    "sellPrice": 10,
    "stats": {
      "level": 1,
      "xp": 0,
      "xp_for_next_level": 100,
      "ability": 100,
      "reputation": 100
    },
    "imageURL": "https://media.discordapp.net/attachments/1107296640529879060/1117490018475319406/summer23_wonho.png"
  },
  {
    "name": "Wonyoung",
    "group": "SUMMER23",
    "single": "IVE",
    "category": "seas",
    "description": "**Season** :: SUMMER23",
    "emoji": "☀️",
    "globalID": "2389",
    "setID": "163",
    "rarity": 99,
    "price": 10,
    "sellPrice": 10,
    "stats": {
      "level": 1,
      "xp": 0,
      "xp_for_next_level": 100,
      "ability": 100,
      "reputation": 100
    },
    "imageURL": "https://media.discordapp.net/attachments/1107296640529879060/1117490018768912524/summer23_wonyoung.png"
  },
  {
    "name": "Yena",
    "group": "SUMMER23",
    "single": "Solo",
    "category": "seas",
    "description": "**Season** :: SUMMER23",
    "emoji": "☀️",
    "globalID": "2390",
    "setID": "163",
    "rarity": 99,
    "price": 10,
    "sellPrice": 10,
    "stats": {
      "level": 1,
      "xp": 0,
      "xp_for_next_level": 100,
      "ability": 100,
      "reputation": 100
    },
    "imageURL": "https://media.discordapp.net/attachments/1107296640529879060/1117490019167375501/summer23_yena.png"
  },
  {
    "name": "Yeonjun",
    "group": "SUMMER23",
    "single": "TXT",
    "category": "seas",
    "description": "**Season** :: SUMMER23",
    "emoji": "☀️",
    "globalID": "2391",
    "setID": "163",
    "rarity": 99,
    "price": 10,
    "sellPrice": 10,
    "stats": {
      "level": 1,
      "xp": 0,
      "xp_for_next_level": 100,
      "ability": 100,
      "reputation": 100
    },
    "imageURL": "https://media.discordapp.net/attachments/1107296640529879060/1117490019511312504/summer23_yeonjun.png"
  },
  {
    "name": "Yohan",
    "group": "SUMMER23",
    "single": "WEi",
    "category": "seas",
    "description": "**Season** :: SUMMER23",
    "emoji": "☀️",
    "globalID": "2392",
    "setID": "163",
    "rarity": 99,
    "price": 10,
    "sellPrice": 10,
    "stats": {
      "level": 1,
      "xp": 0,
      "xp_for_next_level": 100,
      "ability": 100,
      "reputation": 100
    },
    "imageURL": "https://media.discordapp.net/attachments/1107296640529879060/1117490020115284039/summer23_yohan.png"
  },
  {
    "name": "Yubin",
    "group": "SUMMER23",
    "single": "Solo",
    "category": "seas",
    "description": "**Season** :: SUMMER23",
    "emoji": "☀️",
    "globalID": "2393",
    "setID": "163",
    "rarity": 99,
    "price": 10,
    "sellPrice": 10,
    "stats": {
      "level": 1,
      "xp": 0,
      "xp_for_next_level": 100,
      "ability": 100,
      "reputation": 100
    },
    "imageURL": "https://media.discordapp.net/attachments/1107296640529879060/1117490020509552710/summer23_yubin.png"
  },
  {
    "name": "Yuri",
    "group": "SUMMER23",
    "single": "Girls' Generation",
    "category": "seas",
    "description": "**Season** :: SUMMER23",
    "emoji": "☀️",
    "globalID": "2394",
    "setID": "163",
    "rarity": 99,
    "price": 10,
    "sellPrice": 10,
    "stats": {
      "level": 1,
      "xp": 0,
      "xp_for_next_level": 100,
      "ability": 100,
      "reputation": 100
    },
    "imageURL": "https://media.discordapp.net/attachments/1107296640529879060/1117490020962541652/summer23_yuri.png"
  }
]