[
  {
    "name": "Lisa",
    "group": "HOLO",
    "single": "BLACKPINK",
    "category": "shop",
    "description": "**Shop** :: Holo",
    "emoji": "✨",
    "globalID": "1020",
    "setID": "101",
    "rarity": 101,
    "price": 2500,
    "sellPrice": 10,
    "stats": {
      "level": 1,
      "xp": 0,
      "xp_for_next_level": 100,
      "ability": 100,
      "reputation": 100
    },
    "imageURL": "https://cdn.discordapp.com/attachments/1014199645750186044/1096874257885184020/hololisa.gif"
  },
  {
    "name": "Taeyeon",
    "group": "HOLO",
    "single": "Girls' Generation",
    "category": "shop",
    "description": "**Shop** :: Holo",
    "emoji": "✨",
    "globalID": "1003",
    "setID": "101",
    "rarity": 101,
    "price": 2500,
    "sellPrice": 10,
    "stats": {
      "level": 1,
      "xp": 0,
      "xp_for_next_level": 100,
      "ability": 100,
      "reputation": 100
    },
    "imageURL": "https://cdn.discordapp.com/attachments/1014199645750186044/1096874262033350726/holotaeyeon.gif"
  },
  {
    "name": "San",
    "group": "HOLO",
    "single": "ATEEZ",
    "category": "shop",
    "description": "**Shop** :: Holo",
    "emoji": "✨",
    "globalID": "1007",
    "setID": "101",
    "rarity": 101,
    "price": 2500,
    "sellPrice": 10,
    "stats": {
      "level": 1,
      "xp": 0,
      "xp_for_next_level": 100,
      "ability": 100,
      "reputation": 100
    },
    "imageURL": "https://cdn.discordapp.com/attachments/1014199645750186044/1101869134276468847/holosan.gif"
  },
  {
    "name": "Seulgi",
    "group": "HOLO",
    "single": "Red Velvet",
    "category": "shop",
    "description": "**Shop** :: Holo",
    "emoji": "✨",
    "globalID": "1008",
    "setID": "101",
    "rarity": 101,
    "price": 2500,
    "sellPrice": 10,
    "stats": {
      "level": 1,
      "xp": 0,
      "xp_for_next_level": 100,
      "ability": 100,
      "reputation": 100
    },
    "imageURL": "https://cdn.discordapp.com/attachments/1014199645750186044/1101869134683308194/holoseulgi.gif"
  },
  {
    "name": "Baekhyun",
    "group": "HOLO",
    "single": "EXO",
    "category": "shop",
    "description": "**Shop** :: Holo",
    "emoji": "✨",
    "globalID": "1013",
    "setID": "101",
    "rarity": 101,
    "price": 2500,
    "sellPrice": 10,
    "stats": {
      "level": 1,
      "xp": 0,
      "xp_for_next_level": 100,
      "ability": 100,
      "reputation": 100
    },
    "imageURL": "https://cdn.discordapp.com/attachments/1014199645750186044/1096874255939018912/holobaekhyun.gif"
  },
  {
    "name": "Sullyoon",
    "group": "HOLO",
    "single": "NMIXX",
    "category": "shop",
    "description": "**Shop** :: Holo",
    "emoji": "✨",
    "globalID": "1015",
    "setID": "101",
    "rarity": 101,
    "price": 2500,
    "sellPrice": 10,
    "stats": {
      "level": 1,
      "xp": 0,
      "xp_for_next_level": 100,
      "ability": 100,
      "reputation": 100
    },
    "imageURL": "https://cdn.discordapp.com/attachments/1014199645750186044/1101869135115329566/holosullyoon.gif"
  },
  {
    "name": "Jisung",
    "group": "HOLO",
    "single": "NCT",
    "category": "shop",
    "description": "**Shop** :: Holo",
    "emoji": "✨",
    "globalID": "1018",
    "setID": "101",
    "rarity": 101,
    "price": 2500,
    "sellPrice": 10,
    "stats": {
      "level": 1,
      "xp": 0,
      "xp_for_next_level": 100,
      "ability": 100,
      "reputation": 100
    },
    "imageURL": "https://cdn.discordapp.com/attachments/1014199645750186044/1096874256673030204/holojisung.gif"
  },
  {
    "name": "Juyeon",
    "group": "HOLO",
    "single": "THE BOYZ",
    "category": "shop",
    "description": "**Shop** :: Holo",
    "emoji": "✨",
    "globalID": "1001",
    "setID": "101",
    "rarity": 101,
    "price": 2500,
    "sellPrice": 10,
    "stats": {
      "level": 1,
      "xp": 0,
      "xp_for_next_level": 100,
      "ability": 100,
      "reputation": 100
    },
    "imageURL": "https://cdn.discordapp.com/attachments/1014199645750186044/1096874257033732196/holojuyeon.gif"
  },
  {
    "name": "Nayeon",
    "group": "HOLO",
    "single": "TWICE",
    "category": "shop",
    "description": "**Shop** :: Holo",
    "emoji": "✨",
    "globalID": "1002",
    "setID": "101",
    "rarity": 101,
    "price": 2500,
    "sellPrice": 10,
    "stats": {
      "level": 1,
      "xp": 0,
      "xp_for_next_level": 100,
      "ability": 100,
      "reputation": 100
    },
    "imageURL": "https://cdn.discordapp.com/attachments/1014199645750186044/1096874261647458445/holonayeon.gif"
  },
  {
    "name": "Bang Chan",
    "group": "HOLO",
    "single": "Stray Kids",
    "category": "shop",
    "description": "**Shop** :: Holo",
    "emoji": "✨",
    "globalID": "1006",
    "setID": "101",
    "rarity": 101,
    "price": 2500,
    "sellPrice": 10,
    "stats": {
      "level": 1,
      "xp": 0,
      "xp_for_next_level": 100,
      "ability": 100,
      "reputation": 100
    },
    "imageURL": "https://cdn.discordapp.com/attachments/1014199645750186044/1101869132602933278/holobangchan.gif"
  },
  {
    "name": "Taemin",
    "group": "HOLO",
    "single": "SHINee",
    "category": "shop",
    "description": "**Shop** :: Holo",
    "emoji": "✨",
    "globalID": "1009",
    "setID": "101",
    "rarity": 101,
    "price": 2500,
    "sellPrice": 10,
    "stats": {
      "level": 1,
      "xp": 0,
      "xp_for_next_level": 100,
      "ability": 100,
      "reputation": 100
    },
    "imageURL": "https://cdn.discordapp.com/attachments/1014199645750186044/1101869135459254282/holotaemin.gif"
  },
  {
    "name": "Karina",
    "group": "HOLO",
    "single": "aespa",
    "category": "shop",
    "description": "**Shop** :: Holo",
    "emoji": "✨",
    "globalID": "1019",
    "setID": "101",
    "rarity": 101,
    "price": 2500,
    "sellPrice": 10,
    "stats": {
      "level": 1,
      "xp": 0,
      "xp_for_next_level": 100,
      "ability": 100,
      "reputation": 100
    },
    "imageURL": "https://cdn.discordapp.com/attachments/1014199645750186044/1096874257511874570/holokarina.gif"
  },
  {
    "name": "Wonyoung",
    "group": "HOLO",
    "single": "IVE",
    "category": "shop",
    "description": "**Shop** :: Holo",
    "emoji": "✨",
    "globalID": "1010",
    "setID": "101",
    "rarity": 101,
    "price": 2500,
    "sellPrice": 10,
    "stats": {
      "level": 1,
      "xp": 0,
      "xp_for_next_level": 100,
      "ability": 100,
      "reputation": 100
    },
    "imageURL": "https://cdn.discordapp.com/attachments/1014199645750186044/1096874262893183058/holowonyoung.gif"
  },
  {
    "name": "Chaewon",
    "group": "HOLO",
    "single": "LE SSERAFIM",
    "category": "shop",
    "description": "**Shop** :: Holo",
    "emoji": "✨",
    "globalID": "1016",
    "setID": "101",
    "rarity": 101,
    "price": 2500,
    "sellPrice": 10,
    "stats": {
      "level": 1,
      "xp": 0,
      "xp_for_next_level": 100,
      "ability": 100,
      "reputation": 100
    },
    "imageURL": "https://cdn.discordapp.com/attachments/1014199645750186044/1096874256295526420/holochaewon.gif"
  },
  {
    "name": "Eunwoo",
    "group": "HOLO",
    "single": "ASTRO",
    "category": "shop",
    "description": "**Shop** :: Holo",
    "emoji": "✨",
    "globalID": "1017",
    "setID": "101",
    "rarity": 101,
    "price": 2500,
    "sellPrice": 10,
    "stats": {
      "level": 1,
      "xp": 0,
      "xp_for_next_level": 100,
      "ability": 100,
      "reputation": 100
    },
    "imageURL": "https://cdn.discordapp.com/attachments/1014199645750186044/1101869133496320020/holoeunwoo.gif"
  },
  {
    "name": "Taeyong",
    "group": "HOLO",
    "single": "NCT",
    "category": "shop",
    "description": "**Shop** :: Holo",
    "emoji": "✨",
    "globalID": "1004",
    "setID": "101",
    "rarity": 101,
    "price": 2500,
    "sellPrice": 10,
    "stats": {
      "level": 1,
      "xp": 0,
      "xp_for_next_level": 100,
      "ability": 100,
      "reputation": 100
    },
    "imageURL": "https://cdn.discordapp.com/attachments/1014199645750186044/1096874262482133052/holotaeyong.gif"
  },
  {
    "name": "V",
    "group": "HOLO",
    "single": "BTS",
    "category": "shop",
    "description": "**Shop** :: Holo",
    "emoji": "✨",
    "globalID": "1005",
    "setID": "101",
    "rarity": 101,
    "price": 2500,
    "sellPrice": 10,
    "stats": {
      "level": 1,
      "xp": 0,
      "xp_for_next_level": 100,
      "ability": 100,
      "reputation": 100
    },
    "imageURL": "https://cdn.discordapp.com/attachments/1014199645750186044/1101869135836753970/holov.gif"
  },
  {
    "name": "Jinyoung",
    "group": "HOLO",
    "single": "CIX",
    "category": "shop",
    "description": "**Shop** :: Holo",
    "emoji": "✨",
    "globalID": "1011",
    "setID": "101",
    "rarity": 101,
    "price": 2500,
    "sellPrice": 10,
    "stats": {
      "level": 1,
      "xp": 0,
      "xp_for_next_level": 100,
      "ability": 100,
      "reputation": 100
    },
    "imageURL": "https://cdn.discordapp.com/attachments/1014199645750186044/1101869133894791299/holojinyoung.gif"
  },
  {
    "name": "Yeonjun",
    "group": "HOLO",
    "single": "TXT",
    "category": "shop",
    "description": "**Shop** :: Holo",
    "emoji": "✨",
    "globalID": "1012",
    "setID": "101",
    "rarity": 101,
    "price": 2500,
    "sellPrice": 10,
    "stats": {
      "level": 1,
      "xp": 0,
      "xp_for_next_level": 100,
      "ability": 100,
      "reputation": 100
    },
    "imageURL": "https://cdn.discordapp.com/attachments/1014199645750186044/1101869735139868744/holoyeonjun.gif"
  },
  {
    "name": "Chuu",
    "group": "HOLO",
    "single": "LOONA",
    "category": "shop",
    "description": "**Shop** :: Holo",
    "emoji": "✨",
    "globalID": "1014",
    "setID": "101",
    "rarity": 101,
    "price": 2500,
    "sellPrice": 10,
    "stats": {
      "level": 1,
      "xp": 0,
      "xp_for_next_level": 100,
      "ability": 100,
      "reputation": 100
    },
    "imageURL": "https://cdn.discordapp.com/attachments/1014199645750186044/1101869133055930468/holochuu.gif"
  },
  {
    "name": "Joy",
    "group": "FLOWER",
    "single": "Red Velvet",
    "category": "shop",
    "description": "**Shop** :: Flower",
    "emoji": "🍀",
    "globalID": "1027",
    "setID": "102",
    "rarity": 102,
    "price": 2500,
    "sellPrice": 10,
    "stats": {
      "level": 1,
      "xp": 0,
      "xp_for_next_level": 100,
      "ability": 100,
      "reputation": 100
    },
    "imageURL": "https://cdn.discordapp.com/attachments/1014199645750186044/1036046814358544435/flower_joy.png"
  },
  {
    "name": "V",
    "group": "FLOWER",
    "single": "BTS",
    "category": "shop",
    "description": "**Shop** :: Flower",
    "emoji": "🍀",
    "globalID": "1029",
    "setID": "102",
    "rarity": 102,
    "price": 2500,
    "sellPrice": 10,
    "stats": {
      "level": 1,
      "xp": 0,
      "xp_for_next_level": 100,
      "ability": 100,
      "reputation": 100
    },
    "imageURL": "https://cdn.discordapp.com/attachments/1014199645750186044/1036046815759454218/flower_v.png"
  },
  {
    "name": "BamBam",
    "group": "FLOWER",
    "single": "GOT7",
    "category": "shop",
    "description": "**Shop** :: Flower",
    "emoji": "⚛️",
    "globalID": "1031",
    "setID": "102",
    "rarity": 102,
    "price": 2500,
    "sellPrice": 10,
    "stats": {
      "level": 1,
      "xp": 0,
      "xp_for_next_level": 100,
      "ability": 100,
      "reputation": 100
    },
    "imageURL": "https://cdn.discordapp.com/attachments/1014199645750186044/1037106658779869234/flower_bambam.png"
  },
  {
    "name": "Sungchan",
    "group": "FLOWER",
    "single": "NCT",
    "category": "shop",
    "description": "**Shop** :: Flower",
    "emoji": "⚛️",
    "globalID": "1034",
    "setID": "102",
    "rarity": 102,
    "price": 2500,
    "sellPrice": 10,
    "stats": {
      "level": 1,
      "xp": 0,
      "xp_for_next_level": 100,
      "ability": 100,
      "reputation": 100
    },
    "imageURL": "https://cdn.discordapp.com/attachments/1014199645750186044/1037106660465975406/flower_sungchan.png"
  },
  {
    "name": "Onda",
    "group": "FLOWER",
    "single": "EVERGLOW",
    "category": "shop",
    "description": "**Shop** :: Flower",
    "emoji": "⚛️",
    "globalID": "1033",
    "setID": "102",
    "rarity": 102,
    "price": 2500,
    "sellPrice": 10,
    "stats": {
      "level": 1,
      "xp": 0,
      "xp_for_next_level": 100,
      "ability": 100,
      "reputation": 100
    },
    "imageURL": "https://cdn.discordapp.com/attachments/1014199645750186044/1037106659966857387/flower_onda.png"
  },
  {
    "name": "Yeowool",
    "group": "FLOWER",
    "single": "PURPLEBECK",
    "category": "shop",
    "description": "**Shop** :: Flower",
    "emoji": "🌼",
    "globalID": "1025",
    "setID": "102",
    "rarity": 102,
    "price": 2500,
    "sellPrice": 10,
    "stats": {
      "level": 1,
      "xp": 0,
      "xp_for_next_level": 100,
      "ability": 100,
      "reputation": 100
    },
    "imageURL": "https://cdn.discordapp.com/attachments/1014199645750186044/1037103911758221484/flower_Yeowool.png"
  },
  {
    "name": "Go Won",
    "group": "FLOWER",
    "single": "LOONA",
    "category": "shop",
    "description": "**Shop** :: Flower",
    "emoji": "🍀",
    "globalID": "1026",
    "setID": "102",
    "rarity": 102,
    "price": 2500,
    "sellPrice": 10,
    "stats": {
      "level": 1,
      "xp": 0,
      "xp_for_next_level": 100,
      "ability": 100,
      "reputation": 100
    },
    "imageURL": "https://cdn.discordapp.com/attachments/1014199645750186044/1036046813410631760/flower_gowon.png"
  },
  {
    "name": "Yerim",
    "group": "FLOWER",
    "single": "PURPLEBECK",
    "category": "shop",
    "description": "**Shop** :: Flower",
    "emoji": "🍀",
    "globalID": "1030",
    "setID": "102",
    "rarity": 102,
    "price": 2500,
    "sellPrice": 10,
    "stats": {
      "level": 1,
      "xp": 0,
      "xp_for_next_level": 100,
      "ability": 100,
      "reputation": 100
    },
    "imageURL": "https://cdn.discordapp.com/attachments/1014199645750186044/1036046816115953674/flower_yerim.png"
  },
  {
    "name": "Jaehyun",
    "group": "FLOWER",
    "single": "NCT",
    "category": "shop",
    "description": "**Shop** :: Flower",
    "emoji": "⚛️",
    "globalID": "1032",
    "setID": "102",
    "rarity": 102,
    "price": 2500,
    "sellPrice": 10,
    "stats": {
      "level": 1,
      "xp": 0,
      "xp_for_next_level": 100,
      "ability": 100,
      "reputation": 100
    },
    "imageURL": "https://cdn.discordapp.com/attachments/1014199645750186044/1037106659400634409/flower_jaehyun.png"
  },
  {
    "name": "Soobin",
    "group": "FLOWER",
    "single": "TXT",
    "category": "shop",
    "description": "**Shop** :: Flower",
    "emoji": "*️⃣",
    "globalID": "1038",
    "setID": "102",
    "rarity": 102,
    "price": 2500,
    "sellPrice": 10,
    "stats": {
      "level": 1,
      "xp": 0,
      "xp_for_next_level": 100,
      "ability": 100,
      "reputation": 100
    },
    "imageURL": "https://cdn.discordapp.com/attachments/1014199645750186044/1037106662349222049/flower_soobin.png"
  },
  {
    "name": "Jungwoo",
    "group": "FLOWER",
    "single": "NCT",
    "category": "shop",
    "description": "**Shop** :: Flower",
    "emoji": "*️⃣",
    "globalID": "1036",
    "setID": "102",
    "rarity": 102,
    "price": 2500,
    "sellPrice": 10,
    "stats": {
      "level": 1,
      "xp": 0,
      "xp_for_next_level": 100,
      "ability": 100,
      "reputation": 100
    },
    "imageURL": "https://cdn.discordapp.com/attachments/1014199645750186044/1037106661241925824/flower_jungwoo.png"
  },
  {
    "name": "Yoohyeon",
    "group": "FLOWER",
    "single": "Dreamcatcher",
    "category": "shop",
    "description": "**Shop** :: Flower",
    "emoji": "⚛️",
    "globalID": "1035",
    "setID": "102",
    "rarity": 102,
    "price": 2500,
    "sellPrice": 10,
    "stats": {
      "level": 1,
      "xp": 0,
      "xp_for_next_level": 100,
      "ability": 100,
      "reputation": 100
    },
    "imageURL": "https://cdn.discordapp.com/attachments/1014199645750186044/1037106660898000907/flower_yoohyeon.png"
  },
  {
    "name": "Ni-Ki",
    "group": "FLOWER",
    "single": "ENHYPEN",
    "category": "shop",
    "description": "**Shop** :: Flower",
    "emoji": "🍀",
    "globalID": "1028",
    "setID": "102",
    "rarity": 102,
    "price": 2500,
    "sellPrice": 10,
    "stats": {
      "level": 1,
      "xp": 0,
      "xp_for_next_level": 100,
      "ability": 100,
      "reputation": 100
    },
    "imageURL": "https://cdn.discordapp.com/attachments/1014199645750186044/1036046814685712474/flower_niki.png"
  },
  {
    "name": "Sullyoon",
    "group": "FLOWER",
    "single": "NMIXX",
    "category": "shop",
    "description": "**Shop** :: Flower",
    "emoji": "*️⃣",
    "globalID": "1039",
    "setID": "102",
    "rarity": 102,
    "price": 2500,
    "sellPrice": 10,
    "stats": {
      "level": 1,
      "xp": 0,
      "xp_for_next_level": 100,
      "ability": 100,
      "reputation": 100
    },
    "imageURL": "https://cdn.discordapp.com/attachments/1014199645750186044/1037106662743482478/flower_sullyoon.png"
  },
  {
    "name": "Eunwoo",
    "group": "FLOWER",
    "single": "ASTRO",
    "category": "shop",
    "description": "**Shop** :: Flower",
    "emoji": "🌼",
    "globalID": "1021",
    "setID": "102",
    "rarity": 102,
    "price": 2500,
    "sellPrice": 10,
    "stats": {
      "level": 1,
      "xp": 0,
      "xp_for_next_level": 100,
      "ability": 100,
      "reputation": 100
    },
    "imageURL": "https://cdn.discordapp.com/attachments/1014199645750186044/1036046813091860520/flower_eunwoo.png"
  },
  {
    "name": "Jisung",
    "group": "FLOWER",
    "single": "NCT",
    "category": "shop",
    "description": "**Shop** :: Flower",
    "emoji": "🌼",
    "globalID": "1023",
    "setID": "102",
    "rarity": 102,
    "price": 2500,
    "sellPrice": 10,
    "stats": {
      "level": 1,
      "xp": 0,
      "xp_for_next_level": 100,
      "ability": 100,
      "reputation": 100
    },
    "imageURL": "https://cdn.discordapp.com/attachments/1014199645750186044/1036046814064939018/flower_jisung.png"
  },
  {
    "name": "Seunghun",
    "group": "FLOWER",
    "single": "CIX",
    "category": "shop",
    "description": "**Shop** :: Flower",
    "emoji": "🌼",
    "globalID": "1024",
    "setID": "102",
    "rarity": 102,
    "price": 2500,
    "sellPrice": 10,
    "stats": {
      "level": 1,
      "xp": 0,
      "xp_for_next_level": 100,
      "ability": 100,
      "reputation": 100
    },
    "imageURL": "https://cdn.discordapp.com/attachments/1014199645750186044/1036046815063183390/flower_seunghun.png"
  },
  {
    "name": "Minho",
    "group": "FLOWER",
    "single": "SHINee",
    "category": "shop",
    "description": "**Shop** :: Flower",
    "emoji": "*️⃣",
    "globalID": "1037",
    "setID": "102",
    "rarity": 102,
    "price": 2500,
    "sellPrice": 10,
    "stats": {
      "level": 1,
      "xp": 0,
      "xp_for_next_level": 100,
      "ability": 100,
      "reputation": 100
    },
    "imageURL": "https://cdn.discordapp.com/attachments/1014199645750186044/1037106661875261550/flower_minho.png"
  },
  {
    "name": "IU",
    "group": "FLOWER",
    "single": "Solo",
    "category": "shop",
    "description": "**Shop** :: Flower",
    "emoji": "🌼",
    "globalID": "1022",
    "setID": "102",
    "rarity": 102,
    "price": 2500,
    "sellPrice": 10,
    "stats": {
      "level": 1,
      "xp": 0,
      "xp_for_next_level": 100,
      "ability": 100,
      "reputation": 100
    },
    "imageURL": "https://cdn.discordapp.com/attachments/1014199645750186044/1036046813746188298/flower_iu.png"
  },
  {
    "name": "Tzuyu",
    "group": "FLOWER",
    "single": "TWICE",
    "category": "shop",
    "description": "**Shop** :: Flower",
    "emoji": "*️⃣",
    "globalID": "1040",
    "setID": "102",
    "rarity": 102,
    "price": 2500,
    "sellPrice": 10,
    "stats": {
      "level": 1,
      "xp": 0,
      "xp_for_next_level": 100,
      "ability": 100,
      "reputation": 100
    },
    "imageURL": "https://cdn.discordapp.com/attachments/1014199645750186044/1037106663146139688/flower_tzuyu.png"
  },
  {
    "name": "Minseo",
    "group": "FLOWER",
    "single": "DRIPPIN",
    "category": "shop",
    "description": "**Shop** :: Flower",
    "emoji": "🌸",
    "globalID": "1044",
    "setID": "102",
    "rarity": 102,
    "price": 2500,
    "sellPrice": 10,
    "stats": {
      "level": 1,
      "xp": 0,
      "xp_for_next_level": 100,
      "ability": 100,
      "reputation": 100
    },
    "imageURL": "https://cdn.discordapp.com/attachments/1014199645750186044/1043597867580936354/flower_minseo.png"
  },
  {
    "name": "Youngbin",
    "group": "FLOWER",
    "single": "SF9",
    "category": "shop",
    "description": "**Shop** :: Flower",
    "emoji": "🌸",
    "globalID": "1042",
    "setID": "102",
    "rarity": 102,
    "price": 2500,
    "sellPrice": 10,
    "stats": {
      "level": 1,
      "xp": 0,
      "xp_for_next_level": 100,
      "ability": 100,
      "reputation": 100
    },
    "imageURL": "https://cdn.discordapp.com/attachments/1014199645750186044/1043597866926608514/flower_youngbin.png"
  },
  {
    "name": "Yuna",
    "group": "FLOWER",
    "single": "ITZY",
    "category": "shop",
    "description": "**Shop** :: Flower",
    "emoji": "🏵️",
    "globalID": "1047",
    "setID": "102",
    "rarity": 102,
    "price": 2500,
    "sellPrice": 10,
    "stats": {
      "level": 1,
      "xp": 0,
      "xp_for_next_level": 100,
      "ability": 100,
      "reputation": 100
    },
    "imageURL": "https://cdn.discordapp.com/attachments/1014199645750186044/1043597868583374929/flower_yuna.png"
  },
  {
    "name": "Jungkook",
    "group": "FLOWER",
    "single": "BTS",
    "category": "shop",
    "description": "**Shop** :: Flower",
    "emoji": "🏵️",
    "globalID": "1048",
    "setID": "102",
    "rarity": 102,
    "price": 2500,
    "sellPrice": 10,
    "stats": {
      "level": 1,
      "xp": 0,
      "xp_for_next_level": 100,
      "ability": 100,
      "reputation": 100
    },
    "imageURL": "https://cdn.discordapp.com/attachments/1014199645750186044/1043597868948263013/flower_jungkook.png"
  },
  {
    "name": "Gaeul",
    "group": "FLOWER",
    "single": "IVE",
    "category": "shop",
    "description": "**Shop** :: Flower",
    "emoji": "🌸",
    "globalID": "1043",
    "setID": "102",
    "rarity": 102,
    "price": 2500,
    "sellPrice": 10,
    "stats": {
      "level": 1,
      "xp": 0,
      "xp_for_next_level": 100,
      "ability": 100,
      "reputation": 100
    },
    "imageURL": "https://cdn.discordapp.com/attachments/1014199645750186044/1043597867262148668/flower_gaeul.png"
  },
  {
    "name": "D.O.",
    "group": "FLOWER",
    "single": "EXO",
    "category": "shop",
    "description": "**Shop** :: Flower",
    "emoji": "🏵️",
    "globalID": "1046",
    "setID": "102",
    "rarity": 102,
    "price": 2500,
    "sellPrice": 10,
    "stats": {
      "level": 1,
      "xp": 0,
      "xp_for_next_level": 100,
      "ability": 100,
      "reputation": 100
    },
    "imageURL": "https://cdn.discordapp.com/attachments/1014199645750186044/1043597868231032872/flower_do.png"
  },
  {
    "name": "Seonghwa",
    "group": "FLOWER",
    "single": "ATEEZ",
    "category": "shop",
    "description": "**Shop** :: Flower",
    "emoji": "🌸",
    "globalID": "1041",
    "setID": "102",
    "rarity": 102,
    "price": 2500,
    "sellPrice": 10,
    "stats": {
      "level": 1,
      "xp": 0,
      "xp_for_next_level": 100,
      "ability": 100,
      "reputation": 100
    },
    "imageURL": "https://cdn.discordapp.com/attachments/1014199645750186044/1043597866473619588/flower_seonghwa.png"
  },
  {
    "name": "Solar",
    "group": "FLOWER",
    "single": "MAMAMOO",
    "category": "shop",
    "description": "**Shop** :: Flower",
    "emoji": "🌸",
    "globalID": "1045",
    "setID": "102",
    "rarity": 102,
    "price": 2500,
    "sellPrice": 10,
    "stats": {
      "level": 1,
      "xp": 0,
      "xp_for_next_level": 100,
      "ability": 100,
      "reputation": 100
    },
    "imageURL": "https://cdn.discordapp.com/attachments/1014199645750186044/1043597867903881226/flower_solar.png"
  },
  {
    "name": "AleXa",
    "group": "FLOWER",
    "single": "Solo",
    "category": "shop",
    "description": "**Shop** :: Flower",
    "emoji": "🏵️",
    "globalID": "1049",
    "setID": "102",
    "rarity": 102,
    "price": 2500,
    "sellPrice": 10,
    "stats": {
      "level": 1,
      "xp": 0,
      "xp_for_next_level": 100,
      "ability": 100,
      "reputation": 100
    },
    "imageURL": "https://cdn.discordapp.com/attachments/1014199645750186044/1043597869254443028/flower_alexa.png"
  },
  {
    "name": "Intak",
    "group": "FLOWER",
    "single": "P1Harmony",
    "category": "shop",
    "description": "**Shop** :: Flower",
    "emoji": "🏵️",
    "globalID": "1050",
    "setID": "102",
    "rarity": 102,
    "price": 2500,
    "sellPrice": 10,
    "stats": {
      "level": 1,
      "xp": 0,
      "xp_for_next_level": 100,
      "ability": 100,
      "reputation": 100
    },
    "imageURL": "https://cdn.discordapp.com/attachments/1014199645750186044/1043597869548064848/flower_intak.png"
  },
  {
    "name": "Yujin",
    "group": "Polaroid",
    "single": "IVE",
    "category": "shop",
    "description": "**Shop** :: Polaroid",
    "emoji": "📸",
    "globalID": "1060",
    "setID": "103",
    "rarity": 103,
    "price": 500,
    "sellPrice": 10,
    "stats": {
      "level": 1,
      "xp": 0,
      "xp_for_next_level": 100,
      "ability": 100,
      "reputation": 100
    },
    "imageURL": "https://cdn.discordapp.com/attachments/1014199645750186044/1058414925489381436/polaroid_yujin.png"
  },
  {
    "name": "Rosé",
    "group": "Polaroid",
    "single": "BLACKPINK",
    "category": "shop",
    "description": "**Shop** :: Polaroid",
    "emoji": "📸",
    "globalID": "1057",
    "setID": "103",
    "rarity": 103,
    "price": 500,
    "sellPrice": 10,
    "stats": {
      "level": 1,
      "xp": 0,
      "xp_for_next_level": 100,
      "ability": 100,
      "reputation": 100
    },
    "imageURL": "https://cdn.discordapp.com/attachments/1014199645750186044/1058414924570828821/polaroid_rose.png"
  },
  {
    "name": "Mark",
    "group": "Polaroid",
    "single": "NCT",
    "category": "shop",
    "description": "**Shop** :: Polaroid",
    "emoji": "📸",
    "globalID": "1054",
    "setID": "103",
    "rarity": 103,
    "price": 500,
    "sellPrice": 10,
    "stats": {
      "level": 1,
      "xp": 0,
      "xp_for_next_level": 100,
      "ability": 100,
      "reputation": 100
    },
    "imageURL": "https://cdn.discordapp.com/attachments/1014199645750186044/1058414923513872575/polaroid_mark.png"
  },
  {
    "name": "Nichkhun",
    "group": "Polaroid",
    "single": "2PM",
    "category": "shop",
    "description": "**Shop** :: Polaroid",
    "emoji": "📸",
    "globalID": "1055",
    "setID": "103",
    "rarity": 103,
    "price": 500,
    "sellPrice": 10,
    "stats": {
      "level": 1,
      "xp": 0,
      "xp_for_next_level": 100,
      "ability": 100,
      "reputation": 100
    },
    "imageURL": "https://cdn.discordapp.com/attachments/1014199645750186044/1058414923849408612/polaroid_nichkhun.png"
  },
  {
    "name": "Hongseok",
    "group": "Polaroid",
    "single": "PENTAGON",
    "category": "shop",
    "description": "**Shop** :: Polaroid",
    "emoji": "📸",
    "globalID": "1052",
    "setID": "103",
    "rarity": 103,
    "price": 500,
    "sellPrice": 10,
    "stats": {
      "level": 1,
      "xp": 0,
      "xp_for_next_level": 100,
      "ability": 100,
      "reputation": 100
    },
    "imageURL": "https://cdn.discordapp.com/attachments/1014199645750186044/1058414922645643314/polaroid_hongseok.png"
  },
  {
    "name": "Hitomi",
    "group": "Polaroid",
    "single": "IZ*ONE",
    "category": "shop",
    "description": "**Shop** :: Polaroid",
    "emoji": "📸",
    "globalID": "1051",
    "setID": "103",
    "rarity": 103,
    "price": 500,
    "sellPrice": 10,
    "stats": {
      "level": 1,
      "xp": 0,
      "xp_for_next_level": 100,
      "ability": 100,
      "reputation": 100
    },
    "imageURL": "https://cdn.discordapp.com/attachments/1014199645750186044/1058414922263969802/polaroid_hitomi.png"
  },
  {
    "name": "Yohan",
    "group": "Polaroid",
    "single": "WEi",
    "category": "shop",
    "description": "**Shop** :: Polaroid",
    "emoji": "📸",
    "globalID": "1058",
    "setID": "103",
    "rarity": 103,
    "price": 500,
    "sellPrice": 10,
    "stats": {
      "level": 1,
      "xp": 0,
      "xp_for_next_level": 100,
      "ability": 100,
      "reputation": 100
    },
    "imageURL": "https://cdn.discordapp.com/attachments/1014199645750186044/1058414924843462747/polaroid_yohan.png"
  },
  {
    "name": "Hyolyn",
    "group": "Polaroid",
    "single": "Solo",
    "category": "shop",
    "description": "**Shop** :: Polaroid",
    "emoji": "📸",
    "globalID": "1053",
    "setID": "103",
    "rarity": 103,
    "price": 500,
    "sellPrice": 10,
    "stats": {
      "level": 1,
      "xp": 0,
      "xp_for_next_level": 100,
      "ability": 100,
      "reputation": 100
    },
    "imageURL": "https://cdn.discordapp.com/attachments/1014199645750186044/1058414923031523358/polaroid_hyolyn.png"
  },
  {
    "name": "Onew",
    "group": "Polaroid",
    "single": "SHINee",
    "category": "shop",
    "description": "**Shop** :: Polaroid",
    "emoji": "📸",
    "globalID": "1056",
    "setID": "103",
    "rarity": 103,
    "price": 500,
    "sellPrice": 10,
    "stats": {
      "level": 1,
      "xp": 0,
      "xp_for_next_level": 100,
      "ability": 100,
      "reputation": 100
    },
    "imageURL": "https://cdn.discordapp.com/attachments/1014199645750186044/1058414924214317157/polaroid_onew.png"
  },
  {
    "name": "Yoojung",
    "group": "Polaroid",
    "single": "Weki Meki",
    "category": "shop",
    "description": "**Shop** :: Polaroid",
    "emoji": "📸",
    "globalID": "1059",
    "setID": "103",
    "rarity": 103,
    "price": 500,
    "sellPrice": 10,
    "stats": {
      "level": 1,
      "xp": 0,
      "xp_for_next_level": 100,
      "ability": 100,
      "reputation": 100
    },
    "imageURL": "https://cdn.discordapp.com/attachments/1014199645750186044/1058414925183205476/polaroid_yoojung.png"
  },
  {
    "name": "Crush",
    "group": "Polaroid",
    "single": "Solo",
    "category": "shop",
    "description": "**Shop** :: Polaroid",
    "emoji": "📸",
    "globalID": "1072",
    "setID": "103",
    "rarity": 103,
    "price": 500,
    "sellPrice": 10,
    "stats": {
      "level": 1,
      "xp": 0,
      "xp_for_next_level": 100,
      "ability": 100,
      "reputation": 100
    },
    "imageURL": "https://cdn.discordapp.com/attachments/1014199645750186044/1086653998439866498/polaroid_crush.png"
  },
  {
    "name": "Seolhyun",
    "group": "Polaroid",
    "single": "AOA",
    "category": "shop",
    "description": "**Shop** :: Polaroid",
    "emoji": "📸",
    "globalID": "1068",
    "setID": "103",
    "rarity": 103,
    "price": 500,
    "sellPrice": 10,
    "stats": {
      "level": 1,
      "xp": 0,
      "xp_for_next_level": 100,
      "ability": 100,
      "reputation": 100
    },
    "imageURL": "https://cdn.discordapp.com/attachments/1014199645750186044/1079414220518604800/polaroid_seolhyun.png"
  },
  {
    "name": "Jiwon",
    "group": "Polaroid",
    "single": "fromis_9",
    "category": "shop",
    "description": "**Shop** :: Polaroid",
    "emoji": "📸",
    "globalID": "1071",
    "setID": "103",
    "rarity": 103,
    "price": 500,
    "sellPrice": 10,
    "stats": {
      "level": 1,
      "xp": 0,
      "xp_for_next_level": 100,
      "ability": 100,
      "reputation": 100
    },
    "imageURL": "https://cdn.discordapp.com/attachments/1014199645750186044/1086653998133678090/polaroid__jiwon.png"
  },
  {
    "name": "Hyuna",
    "group": "Polaroid",
    "single": "Solo",
    "category": "shop",
    "description": "**Shop** :: Polaroid",
    "emoji": "📸",
    "globalID": "1076",
    "setID": "103",
    "rarity": 103,
    "price": 500,
    "sellPrice": 10,
    "stats": {
      "level": 1,
      "xp": 0,
      "xp_for_next_level": 100,
      "ability": 100,
      "reputation": 100
    },
    "imageURL": "https://cdn.discordapp.com/attachments/1014199645750186044/1086653999782056038/polaroid_hyuna.png"
  },
  {
    "name": "IU",
    "group": "Polaroid",
    "single": "Solo",
    "category": "shop",
    "description": "**Shop** :: Polaroid",
    "emoji": "📸",
    "globalID": "1078",
    "setID": "103",
    "rarity": 103,
    "price": 500,
    "sellPrice": 10,
    "stats": {
      "level": 1,
      "xp": 0,
      "xp_for_next_level": 100,
      "ability": 100,
      "reputation": 100
    },
    "imageURL": "https://cdn.discordapp.com/attachments/1014199645750186044/1086654000302133390/polaroid_iu.png"
  },
  {
    "name": "Sakura",
    "group": "Polaroid",
    "single": "LE SSERAFIM",
    "category": "shop",
    "description": "**Shop** :: Polaroid",
    "emoji": "📸",
    "globalID": "1067",
    "setID": "103",
    "rarity": 103,
    "price": 500,
    "sellPrice": 10,
    "stats": {
      "level": 1,
      "xp": 0,
      "xp_for_next_level": 100,
      "ability": 100,
      "reputation": 100
    },
    "imageURL": "https://cdn.discordapp.com/attachments/1014199645750186044/1079414220254351521/polaroid_sakura.png"
  },
  {
    "name": "Chanyeol",
    "group": "Polaroid",
    "single": "EXO",
    "category": "shop",
    "description": "**Shop** :: Polaroid",
    "emoji": "📸",
    "globalID": "1061",
    "setID": "103",
    "rarity": 103,
    "price": 500,
    "sellPrice": 10,
    "stats": {
      "level": 1,
      "xp": 0,
      "xp_for_next_level": 100,
      "ability": 100,
      "reputation": 100
    },
    "imageURL": "https://cdn.discordapp.com/attachments/1014199645750186044/1079414218706653294/polaroid_chanyeol.png"
  },
  {
    "name": "Hyungwon",
    "group": "Polaroid",
    "single": "MONSTA X",
    "category": "shop",
    "description": "**Shop** :: Polaroid",
    "emoji": "📸",
    "globalID": "1077",
    "setID": "103",
    "rarity": 103,
    "price": 500,
    "sellPrice": 10,
    "stats": {
      "level": 1,
      "xp": 0,
      "xp_for_next_level": 100,
      "ability": 100,
      "reputation": 100
    },
    "imageURL": "https://cdn.discordapp.com/attachments/1014199645750186044/1086654000050491485/polaroid_hyungwon.png"
  },
  {
    "name": "Jake",
    "group": "Polaroid",
    "single": "ENHYPEN",
    "category": "shop",
    "description": "**Shop** :: Polaroid",
    "emoji": "📸",
    "globalID": "1063",
    "setID": "103",
    "rarity": 103,
    "price": 500,
    "sellPrice": 10,
    "stats": {
      "level": 1,
      "xp": 0,
      "xp_for_next_level": 100,
      "ability": 100,
      "reputation": 100
    },
    "imageURL": "https://cdn.discordapp.com/attachments/1014199645750186044/1079414219222560809/polaroid_jake.png"
  },
  {
    "name": "Winwin",
    "group": "Polaroid",
    "single": "NCT",
    "category": "shop",
    "description": "**Shop** :: Polaroid",
    "emoji": "📸",
    "globalID": "1070",
    "setID": "103",
    "rarity": 103,
    "price": 500,
    "sellPrice": 10,
    "stats": {
      "level": 1,
      "xp": 0,
      "xp_for_next_level": 100,
      "ability": 100,
      "reputation": 100
    },
    "imageURL": "https://cdn.discordapp.com/attachments/1014199645750186044/1079414221114183740/polaroid_winwin.png"
  },
  {
    "name": "EXY",
    "group": "Polaroid",
    "single": "WJSN",
    "category": "shop",
    "description": "**Shop** :: Polaroid",
    "emoji": "📸",
    "globalID": "1062",
    "setID": "103",
    "rarity": 103,
    "price": 500,
    "sellPrice": 10,
    "stats": {
      "level": 1,
      "xp": 0,
      "xp_for_next_level": 100,
      "ability": 100,
      "reputation": 100
    },
    "imageURL": "https://cdn.discordapp.com/attachments/1014199645750186044/1079414218979295252/polaroid_exy.png"
  },
  {
    "name": "Jinjin",
    "group": "Polaroid",
    "single": "ASTRO",
    "category": "shop",
    "description": "**Shop** :: Polaroid",
    "emoji": "📸",
    "globalID": "1066",
    "setID": "103",
    "rarity": 103,
    "price": 500,
    "sellPrice": 10,
    "stats": {
      "level": 1,
      "xp": 0,
      "xp_for_next_level": 100,
      "ability": 100,
      "reputation": 100
    },
    "imageURL": "https://cdn.discordapp.com/attachments/1014199645750186044/1079414220002701342/polaroid_jinjin.png"
  },
  {
    "name": "Jennie",
    "group": "Polaroid",
    "single": "BLACKPINK",
    "category": "shop",
    "description": "**Shop** :: Polaroid",
    "emoji": "📸",
    "globalID": "1064",
    "setID": "103",
    "rarity": 103,
    "price": 500,
    "sellPrice": 10,
    "stats": {
      "level": 1,
      "xp": 0,
      "xp_for_next_level": 100,
      "ability": 100,
      "reputation": 100
    },
    "imageURL": "https://cdn.discordapp.com/attachments/1014199645750186044/1079414219478405160/polaroid_jennie.png"
  },
  {
    "name": "DPR IAN",
    "group": "Polaroid",
    "single": "Solo",
    "category": "shop",
    "description": "**Shop** :: Polaroid",
    "emoji": "📸",
    "globalID": "1073",
    "setID": "103",
    "rarity": 103,
    "price": 500,
    "sellPrice": 10,
    "stats": {
      "level": 1,
      "xp": 0,
      "xp_for_next_level": 100,
      "ability": 100,
      "reputation": 100
    },
    "imageURL": "https://cdn.discordapp.com/attachments/1014199645750186044/1086653998792200242/polaroid_dprian.png"
  },
  {
    "name": "Lily",
    "group": "Polaroid",
    "single": "NMIXX",
    "category": "shop",
    "description": "**Shop** :: Polaroid",
    "emoji": "📸",
    "globalID": "1079",
    "setID": "103",
    "rarity": 103,
    "price": 500,
    "sellPrice": 10,
    "stats": {
      "level": 1,
      "xp": 0,
      "xp_for_next_level": 100,
      "ability": 100,
      "reputation": 100
    },
    "imageURL": "https://cdn.discordapp.com/attachments/1014199645750186044/1086654000558002267/polaroid_lily.png"
  },
  {
    "name": "Seunghun",
    "group": "Polaroid",
    "single": "CIX",
    "category": "shop",
    "description": "**Shop** :: Polaroid",
    "emoji": "📸",
    "globalID": "1080",
    "setID": "103",
    "rarity": 103,
    "price": 500,
    "sellPrice": 10,
    "stats": {
      "level": 1,
      "xp": 0,
      "xp_for_next_level": 100,
      "ability": 100,
      "reputation": 100
    },
    "imageURL": "https://cdn.discordapp.com/attachments/1014199645750186044/1086654000805449778/polaroid_seunghun.png"
  },
  {
    "name": "Jihyo",
    "group": "Polaroid",
    "single": "TWICE",
    "category": "shop",
    "description": "**Shop** :: Polaroid",
    "emoji": "📸",
    "globalID": "1065",
    "setID": "103",
    "rarity": 103,
    "price": 500,
    "sellPrice": 10,
    "stats": {
      "level": 1,
      "xp": 0,
      "xp_for_next_level": 100,
      "ability": 100,
      "reputation": 100
    },
    "imageURL": "https://cdn.discordapp.com/attachments/1014199645750186044/1079414219734270052/polaroid_jihyo.png"
  },
  {
    "name": "Suga",
    "group": "Polaroid",
    "single": "BTS",
    "category": "shop",
    "description": "**Shop** :: Polaroid",
    "emoji": "📸",
    "globalID": "1069",
    "setID": "103",
    "rarity": 103,
    "price": 500,
    "sellPrice": 10,
    "stats": {
      "level": 1,
      "xp": 0,
      "xp_for_next_level": 100,
      "ability": 100,
      "reputation": 100
    },
    "imageURL": "https://cdn.discordapp.com/attachments/1014199645750186044/1079414220828979200/polaroid_suga.png"
  },
  {
    "name": "Giselle",
    "group": "Polaroid",
    "single": "aespa",
    "category": "shop",
    "description": "**Shop** :: Polaroid",
    "emoji": "📸",
    "globalID": "1074",
    "setID": "103",
    "rarity": 103,
    "price": 500,
    "sellPrice": 10,
    "stats": {
      "level": 1,
      "xp": 0,
      "xp_for_next_level": 100,
      "ability": 100,
      "reputation": 100
    },
    "imageURL": "https://cdn.discordapp.com/attachments/1014199645750186044/1086653999110951002/polaroid_giselle.png"
  },
  {
    "name": "Hyeongjun",
    "group": "Polaroid",
    "single": "CRAVITY",
    "category": "shop",
    "description": "**Shop** :: Polaroid",
    "emoji": "📸",
    "globalID": "1075",
    "setID": "103",
    "rarity": 103,
    "price": 500,
    "sellPrice": 10,
    "stats": {
      "level": 1,
      "xp": 0,
      "xp_for_next_level": 100,
      "ability": 100,
      "reputation": 100
    },
    "imageURL": "https://cdn.discordapp.com/attachments/1014199645750186044/1086653999513608323/polaroid_hyeongjun.png"
  },
  {
    "name": "Jeno",
    "group": "SUIT",
    "single": "NCT",
    "category": "shop",
    "description": "**Shop** :: SUIT",
    "emoji": "👔",
    "globalID": "1086",
    "setID": "104",
    "rarity": 104,
    "price": 250,
    "sellPrice": 10,
    "stats": {
      "level": 1,
      "xp": 0,
      "xp_for_next_level": 100,
      "ability": 100,
      "reputation": 100
    },
    "imageURL": "https://cdn.discordapp.com/attachments/1014199645750186044/1091487937268555836/suit_jeno.png"
  },
  {
    "name": "Dami",
    "group": "SUIT",
    "single": "Dreamcatcher",
    "category": "shop",
    "description": "**Shop** :: SUIT",
    "emoji": "👔",
    "globalID": "1082",
    "setID": "104",
    "rarity": 104,
    "price": 250,
    "sellPrice": 10,
    "stats": {
      "level": 1,
      "xp": 0,
      "xp_for_next_level": 100,
      "ability": 100,
      "reputation": 100
    },
    "imageURL": "https://cdn.discordapp.com/attachments/1014199645750186044/1091487936085766214/suit_dami.png"
  },
  {
    "name": "Moonbyul",
    "group": "SUIT",
    "single": "MAMAMOO",
    "category": "shop",
    "description": "**Shop** :: SUIT",
    "emoji": "👔",
    "globalID": "1090",
    "setID": "104",
    "rarity": 104,
    "price": 250,
    "sellPrice": 10,
    "stats": {
      "level": 1,
      "xp": 0,
      "xp_for_next_level": 100,
      "ability": 100,
      "reputation": 100
    },
    "imageURL": "https://cdn.discordapp.com/attachments/1014199645750186044/1091487938413605024/suit_moonbyul.png"
  },
  {
    "name": "Mingyu",
    "group": "SUIT",
    "single": "SEVENTEEN",
    "category": "shop",
    "description": "**Shop** :: SUIT",
    "emoji": "👔",
    "globalID": "1088",
    "setID": "104",
    "rarity": 104,
    "price": 250,
    "sellPrice": 10,
    "stats": {
      "level": 1,
      "xp": 0,
      "xp_for_next_level": 100,
      "ability": 100,
      "reputation": 100
    },
    "imageURL": "https://cdn.discordapp.com/attachments/1014199645750186044/1091487937859952640/suit_mingyu.png"
  },
  {
    "name": "Haechan",
    "group": "SUIT",
    "single": "NCT",
    "category": "shop",
    "description": "**Shop** :: SUIT",
    "emoji": "👔",
    "globalID": "1084",
    "setID": "104",
    "rarity": 104,
    "price": 250,
    "sellPrice": 10,
    "stats": {
      "level": 1,
      "xp": 0,
      "xp_for_next_level": 100,
      "ability": 100,
      "reputation": 100
    },
    "imageURL": "https://cdn.discordapp.com/attachments/1014199645750186044/1091487936677154866/suit_haechan.png"
  },
  {
    "name": "Jimin",
    "group": "SUIT",
    "single": "BTS",
    "category": "shop",
    "description": "**Shop** :: SUIT",
    "emoji": "👔",
    "globalID": "1087",
    "setID": "104",
    "rarity": 104,
    "price": 250,
    "sellPrice": 10,
    "stats": {
      "level": 1,
      "xp": 0,
      "xp_for_next_level": 100,
      "ability": 100,
      "reputation": 100
    },
    "imageURL": "https://cdn.discordapp.com/attachments/1014199645750186044/1091487937574735893/suit_jimin.png"
  },
  {
    "name": "AleXa",
    "group": "SUIT",
    "single": "Solo",
    "category": "shop",
    "description": "**Shop** :: SUIT",
    "emoji": "👔",
    "globalID": "1081",
    "setID": "104",
    "rarity": 104,
    "price": 250,
    "sellPrice": 10,
    "stats": {
      "level": 1,
      "xp": 0,
      "xp_for_next_level": 100,
      "ability": 100,
      "reputation": 100
    },
    "imageURL": "https://cdn.discordapp.com/attachments/1014199645750186044/1091487935725047828/suit_alexa.png"
  },
  {
    "name": "Gyuri",
    "group": "SUIT",
    "single": "fromis_9",
    "category": "shop",
    "description": "**Shop** :: SUIT",
    "emoji": "👔",
    "globalID": "1083",
    "setID": "104",
    "rarity": 104,
    "price": 250,
    "sellPrice": 10,
    "stats": {
      "level": 1,
      "xp": 0,
      "xp_for_next_level": 100,
      "ability": 100,
      "reputation": 100
    },
    "imageURL": "https://cdn.discordapp.com/attachments/1014199645750186044/1091487936459055165/suit_gyuri.png"
  },
  {
    "name": "Hyunjin",
    "group": "SUIT",
    "single": "Stray Kids",
    "category": "shop",
    "description": "**Shop** :: SUIT",
    "emoji": "👔",
    "globalID": "1085",
    "setID": "104",
    "rarity": 104,
    "price": 250,
    "sellPrice": 10,
    "stats": {
      "level": 1,
      "xp": 0,
      "xp_for_next_level": 100,
      "ability": 100,
      "reputation": 100
    },
    "imageURL": "https://cdn.discordapp.com/attachments/1014199645750186044/1091487936949792879/suit_hyunjin.png"
  },
  {
    "name": "Momo",
    "group": "SUIT",
    "single": "TWICE",
    "category": "shop",
    "description": "**Shop** :: SUIT",
    "emoji": "👔",
    "globalID": "1089",
    "setID": "104",
    "rarity": 104,
    "price": 250,
    "sellPrice": 10,
    "stats": {
      "level": 1,
      "xp": 0,
      "xp_for_next_level": 100,
      "ability": 100,
      "reputation": 100
    },
    "imageURL": "https://cdn.discordapp.com/attachments/1014199645750186044/1091487938132578445/suit_momo.png"
  },
  {
    "name": "Chungha",
    "single": "Solo",
    "group": "SUIT",
    "category": "shop",
    "description": "**Shop** :: SUIT",
    "emoji": "👔",
    "globalID": "1091",
    "setID": "104",
    "rarity": 104,
    "price": 250,
    "sellPrice": 10,
    "stats": {
      "level": 1,
      "xp": 0,
      "xp_for_next_level": 100,
      "ability": 100,
      "reputation": 100
    },
    "imageURL": "https://cdn.discordapp.com/attachments/1014199645750186044/1105183328925126737/suit_chungha.png"
  },
  {
    "name": "Dawon",
    "single": "WJSN",
    "group": "SUIT",
    "category": "shop",
    "description": "**Shop** :: SUIT",
    "emoji": "👔",
    "globalID": "1092",
    "setID": "104",
    "rarity": 104,
    "price": 250,
    "sellPrice": 10,
    "stats": {
      "level": 1,
      "xp": 0,
      "xp_for_next_level": 100,
      "ability": 100,
      "reputation": 100
    },
    "imageURL": "https://cdn.discordapp.com/attachments/1014199645750186044/1105183329210355873/suit_dawon.png"
  },
  {
    "name": "Heejin",
    "single": "ARTMS",
    "group": "SUIT",
    "category": "shop",
    "description": "**Shop** :: SUIT",
    "emoji": "👔",
    "globalID": "1093",
    "setID": "104",
    "rarity": 104,
    "price": 250,
    "sellPrice": 10,
    "stats": {
      "level": 1,
      "xp": 0,
      "xp_for_next_level": 100,
      "ability": 100,
      "reputation": 100
    },
    "imageURL": "https://cdn.discordapp.com/attachments/1014199645750186044/1105183329722044537/suit_heejin.png"
  },
  {
    "name": "Inseong",
    "single": "SF9",
    "group": "SUIT",
    "category": "shop",
    "description": "**Shop** :: SUIT",
    "emoji": "👔",
    "globalID": "1094",
    "setID": "104",
    "rarity": 104,
    "price": 250,
    "sellPrice": 10,
    "stats": {
      "level": 1,
      "xp": 0,
      "xp_for_next_level": 100,
      "ability": 100,
      "reputation": 100
    },
    "imageURL": "https://cdn.discordapp.com/attachments/1014199645750186044/1105183330103742484/suit_inseong.png"
  },
  {
    "name": "Jaehyun",
    "single": "NCT",
    "group": "SUIT",
    "category": "shop",
    "description": "**Shop** :: SUIT",
    "emoji": "👔",
    "globalID": "1095",
    "setID": "104",
    "rarity": 104,
    "price": 250,
    "sellPrice": 10,
    "stats": {
      "level": 1,
      "xp": 0,
      "xp_for_next_level": 100,
      "ability": 100,
      "reputation": 100
    },
    "imageURL": "https://cdn.discordapp.com/attachments/1014199645750186044/1105183330409910383/suit_jaehyun.png"
  },
  {
    "name": "Jake",
    "single": "ENHYPEN",
    "group": "SUIT",
    "category": "shop",
    "description": "**Shop** :: SUIT",
    "emoji": "👔",
    "globalID": "1096",
    "setID": "104",
    "rarity": 104,
    "price": 250,
    "sellPrice": 10,
    "stats": {
      "level": 1,
      "xp": 0,
      "xp_for_next_level": 100,
      "ability": 100,
      "reputation": 100
    },
    "imageURL": "https://cdn.discordapp.com/attachments/1014199645750186044/1105183330695139499/suit_jake.png"
  },
  {
    "name": "Jennie",
    "single": "BLACKPINK",
    "group": "SUIT",
    "category": "shop",
    "description": "**Shop** :: SUIT",
    "emoji": "👔",
    "globalID": "1097",
    "setID": "104",
    "rarity": 104,
    "price": 250,
    "sellPrice": 10,
    "stats": {
      "level": 1,
      "xp": 0,
      "xp_for_next_level": 100,
      "ability": 100,
      "reputation": 100
    },
    "imageURL": "https://cdn.discordapp.com/attachments/1014199645750186044/1105183331039051856/suit_jennie.png"
  },
  {
    "name": "Jinjin",
    "single": "ASTRO",
    "group": "SUIT",
    "category": "shop",
    "description": "**Shop** :: SUIT",
    "emoji": "👔",
    "globalID": "1098",
    "setID": "104",
    "rarity": 104,
    "price": 250,
    "sellPrice": 10,
    "stats": {
      "level": 1,
      "xp": 0,
      "xp_for_next_level": 100,
      "ability": 100,
      "reputation": 100
    },
    "imageURL": "https://cdn.discordapp.com/attachments/1014199645750186044/1105183331324285008/suit_jinjin.png"
  },
  {
    "name": "Jiwoong",
    "single": "ZB1",
    "group": "SUIT",
    "category": "shop",
    "description": "**Shop** :: SUIT",
    "emoji": "👔",
    "globalID": "1099",
    "setID": "104",
    "rarity": 104,
    "price": 250,
    "sellPrice": 10,
    "stats": {
      "level": 1,
      "xp": 0,
      "xp_for_next_level": 100,
      "ability": 100,
      "reputation": 100
    },
    "imageURL": "https://cdn.discordapp.com/attachments/1014199645750186044/1105183331580117072/suit_jiwoong.png"
  },
  {
    "name": "Jungkook",
    "single": "BTS",
    "group": "SUIT",
    "category": "shop",
    "description": "**Shop** :: SUIT",
    "emoji": "👔",
    "globalID": "1100",
    "setID": "104",
    "rarity": 104,
    "price": 250,
    "sellPrice": 10,
    "stats": {
      "level": 1,
      "xp": 0,
      "xp_for_next_level": 100,
      "ability": 100,
      "reputation": 100
    },
    "imageURL": "https://cdn.discordapp.com/attachments/1014199645750186044/1105183331827585215/suit_jungkook.png"
  },
  {
    "name": "Karina",
    "single": "aespa",
    "group": "SUIT",
    "category": "shop",
    "description": "**Shop** :: SUIT",
    "emoji": "👔",
    "globalID": "1101",
    "setID": "104",
    "rarity": 104,
    "price": 250,
    "sellPrice": 10,
    "stats": {
      "level": 1,
      "xp": 0,
      "xp_for_next_level": 100,
      "ability": 100,
      "reputation": 100
    },
    "imageURL": "https://cdn.discordapp.com/attachments/1014199645750186044/1105183385304965230/suit_karina.png"
  },
  {
    "name": "Lucas",
    "single": "NCT",
    "group": "SUIT",
    "category": "shop",
    "description": "**Shop** :: SUIT",
    "emoji": "👔",
    "globalID": "1102",
    "setID": "104",
    "rarity": 104,
    "price": 250,
    "sellPrice": 10,
    "stats": {
      "level": 1,
      "xp": 0,
      "xp_for_next_level": 100,
      "ability": 100,
      "reputation": 100
    },
    "imageURL": "https://cdn.discordapp.com/attachments/1014199645750186044/1105183385644699698/suit_lucas.png"
  },
  {
    "name": "Ryujin",
    "single": "ITZY",
    "group": "SUIT",
    "category": "shop",
    "description": "**Shop** :: SUIT",
    "emoji": "👔",
    "globalID": "1103",
    "setID": "104",
    "rarity": 104,
    "price": 250,
    "sellPrice": 10,
    "stats": {
      "level": 1,
      "xp": 0,
      "xp_for_next_level": 100,
      "ability": 100,
      "reputation": 100
    },
    "imageURL": "https://cdn.discordapp.com/attachments/1014199645750186044/1105183385942499398/suit_ryujin.png"
  },
  {
    "name": "Sehun",
    "single": "EXO",
    "group": "SUIT",
    "category": "shop",
    "description": "**Shop** :: SUIT",
    "emoji": "👔",
    "globalID": "1104",
    "setID": "104",
    "rarity": 104,
    "price": 250,
    "sellPrice": 10,
    "stats": {
      "level": 1,
      "xp": 0,
      "xp_for_next_level": 100,
      "ability": 100,
      "reputation": 100
    },
    "imageURL": "https://cdn.discordapp.com/attachments/1014199645750186044/1105183386252882032/suit_sehun.png"
  },
  {
    "name": "Seolhyun",
    "single": "AOA",
    "group": "SUIT",
    "category": "shop",
    "description": "**Shop** :: SUIT",
    "emoji": "👔",
    "globalID": "1105",
    "setID": "104",
    "rarity": 104,
    "price": 250,
    "sellPrice": 10,
    "stats": {
      "level": 1,
      "xp": 0,
      "xp_for_next_level": 100,
      "ability": 100,
      "reputation": 100
    },
    "imageURL": "https://cdn.discordapp.com/attachments/1014199645750186044/1105183386613583993/suit_seolhyun.png"
  },
  {
    "name": "Seulgi",
    "single": "Red Velvet",
    "group": "SUIT",
    "category": "shop",
    "description": "**Shop** :: SUIT",
    "emoji": "👔",
    "globalID": "1106",
    "setID": "104",
    "rarity": 104,
    "price": 250,
    "sellPrice": 10,
    "stats": {
      "level": 1,
      "xp": 0,
      "xp_for_next_level": 100,
      "ability": 100,
      "reputation": 100
    },
    "imageURL": "https://cdn.discordapp.com/attachments/1014199645750186044/1105183386915578016/suit_seulgi.png"
  },
  {
    "name": "Shownu",
    "single": "MONSTA X",
    "group": "SUIT",
    "category": "shop",
    "description": "**Shop** :: SUIT",
    "emoji": "👔",
    "globalID": "1107",
    "setID": "104",
    "rarity": 104,
    "price": 250,
    "sellPrice": 10,
    "stats": {
      "level": 1,
      "xp": 0,
      "xp_for_next_level": 100,
      "ability": 100,
      "reputation": 100
    },
    "imageURL": "https://cdn.discordapp.com/attachments/1014199645750186044/1105183387318227065/suit_shownu.png"
  },
  {
    "name": "Shuhua",
    "single": "GIDLE",
    "group": "SUIT",
    "category": "shop",
    "description": "**Shop** :: SUIT",
    "emoji": "👔",
    "globalID": "1108",
    "setID": "104",
    "rarity": 104,
    "price": 250,
    "sellPrice": 10,
    "stats": {
      "level": 1,
      "xp": 0,
      "xp_for_next_level": 100,
      "ability": 100,
      "reputation": 100
    },
    "imageURL": "https://cdn.discordapp.com/attachments/1014199645750186044/1105183387746050249/suit_shuhua.png"
  },
  {
    "name": "Wonwoo",
    "single": "SEVENTEEN",
    "group": "SUIT",
    "category": "shop",
    "description": "**Shop** :: SUIT",
    "emoji": "👔",
    "globalID": "1109",
    "setID": "104",
    "rarity": 104,
    "price": 250,
    "sellPrice": 10,
    "stats": {
      "level": 1,
      "xp": 0,
      "xp_for_next_level": 100,
      "ability": 100,
      "reputation": 100
    },
    "imageURL": "https://cdn.discordapp.com/attachments/1014199645750186044/1105183388115152969/suit_wonwoo.png"
  },
  {
    "name": "Yunjin",
    "single": "LE SSERAFIM",
    "group": "SUIT",
    "category": "shop",
    "description": "**Shop** :: SUIT",
    "emoji": "👔",
    "globalID": "1110",
    "setID": "104",
    "rarity": 104,
    "price": 250,
    "sellPrice": 10,
    "stats": {
      "level": 1,
      "xp": 0,
      "xp_for_next_level": 100,
      "ability": 100,
      "reputation": 100
    },
    "imageURL": "https://cdn.discordapp.com/attachments/1014199645750186044/1105183388467466371/suit_yunjin.png"
  },
  {
    "name": "Haseul",
    "single": "LOONA",
    "group": "kid",
    "category": "shop",
    "description": "**Shop** :: kid",
    "emoji": "👧",
    "globalID": "1111",
    "setID": "105",
    "rarity": 105,
    "price": 500,
    "sellPrice": 10,
    "stats": {
      "level": 1,
      "xp": 0,
      "xp_for_next_level": 100,
      "ability": 100,
      "reputation": 100
    },
    "imageURL": "https://cdn.discordapp.com/attachments/1107296640529879060/1113825309796610119/kid_haseul.png"
  },
  {
    "name": "Intak",
    "single": "P1Harmony",
    "group": "kid",
    "category": "shop",
    "description": "**Shop** :: kid",
    "emoji": "👦",
    "globalID": "1112",
    "setID": "105",
    "rarity": 105,
    "price": 500,
    "sellPrice": 10,
    "stats": {
      "level": 1,
      "xp": 0,
      "xp_for_next_level": 100,
      "ability": 100,
      "reputation": 100
    },
    "imageURL": "https://cdn.discordapp.com/attachments/1107296640529879060/1113825310358638653/kid_intak.png"
  },
  {
    "name": "Jungkook",
    "single": "BTS",
    "group": "kid",
    "category": "shop",
    "description": "**Shop** :: kid",
    "emoji": "👦",
    "globalID": "1113",
    "setID": "105",
    "rarity": 105,
    "price": 500,
    "sellPrice": 10,
    "stats": {
      "level": 1,
      "xp": 0,
      "xp_for_next_level": 100,
      "ability": 100,
      "reputation": 100
    },
    "imageURL": "https://cdn.discordapp.com/attachments/1107296640529879060/1113825310643859486/kid_jungkook.png"
  },
  {
    "name": "WOODZ",
    "single": "Solo",
    "group": "kid",
    "category": "shop",
    "description": "**Shop** :: kid",
    "emoji": "👦",
    "globalID": "1114",
    "setID": "105",
    "rarity": 105,
    "price": 500,
    "sellPrice": 10,
    "stats": {
      "level": 1,
      "xp": 0,
      "xp_for_next_level": 100,
      "ability": 100,
      "reputation": 100
    },
    "imageURL": "https://cdn.discordapp.com/attachments/1107296640529879060/1113825310882926594/kid_woodz.png"
  },
  {
    "name": "Yeji",
    "single": "ITZY",
    "group": "kid",
    "category": "shop",
    "description": "**Shop** :: kid",
    "emoji": "👧",
    "globalID": "1115",
    "setID": "105",
    "rarity": 105,
    "price": 500,
    "sellPrice": 10,
    "stats": {
      "level": 1,
      "xp": 0,
      "xp_for_next_level": 100,
      "ability": 100,
      "reputation": 100
    },
    "imageURL": "https://cdn.discordapp.com/attachments/1107296640529879060/1113825311193321543/kid_yeji.png"
  },
  {
    "name": "Beomgyu",
    "single": "TXT",
    "group": "kid",
    "category": "shop",
    "description": "**Shop** :: kid",
    "emoji": "👦",
    "globalID": "1116",
    "setID": "105",
    "rarity": 105,
    "price": 500,
    "sellPrice": 10,
    "stats": {
      "level": 1,
      "xp": 0,
      "xp_for_next_level": 100,
      "ability": 100,
      "reputation": 100
    },
    "imageURL": "https://cdn.discordapp.com/attachments/1107296640529879060/1113824930031738971/kid_beomgyu.png"
  },
  {
    "name": "Jonghyun",
    "single": "SHINee",
    "group": "kid",
    "category": "shop",
    "description": "**Shop** :: kid",
    "emoji": "👦",
    "globalID": "1117",
    "setID": "105",
    "rarity": 105,
    "price": 500,
    "sellPrice": 10,
    "stats": {
      "level": 1,
      "xp": 0,
      "xp_for_next_level": 100,
      "ability": 100,
      "reputation": 100
    },
    "imageURL": "https://cdn.discordapp.com/attachments/1107296640529879060/1113824930417627226/kid_jonghyun.png"
  },
  {
    "name": "Jungwon",
    "single": "ENHYPEN",
    "group": "kid",
    "category": "shop",
    "description": "**Shop** :: kid",
    "emoji": "👦",
    "globalID": "1118",
    "setID": "105",
    "rarity": 105,
    "price": 500,
    "sellPrice": 10,
    "stats": {
      "level": 1,
      "xp": 0,
      "xp_for_next_level": 100,
      "ability": 100,
      "reputation": 100
    },
    "imageURL": "https://cdn.discordapp.com/attachments/1107296640529879060/1113824930820268072/kid_jungwon.png"
  },
  {
    "name": "Lee Know",
    "single": "Stray Kids",
    "group": "kid",
    "category": "shop",
    "description": "**Shop** :: kid",
    "emoji": "👦",
    "globalID": "1119",
    "setID": "105",
    "rarity": 105,
    "price": 500,
    "sellPrice": 10,
    "stats": {
      "level": 1,
      "xp": 0,
      "xp_for_next_level": 100,
      "ability": 100,
      "reputation": 100
    },
    "imageURL": "https://cdn.discordapp.com/attachments/1107296640529879060/1113824931126456392/kid_leeknow.png"
  },
  {
    "name": "Yunjin",
    "single": "LE SSERAFIM",
    "group": "kid",
    "category": "shop",
    "description": "**Shop** :: kid",
    "emoji": "👧",
    "globalID": "1120",
    "setID": "105",
    "rarity": 105,
    "price": 500,
    "sellPrice": 10,
    "stats": {
      "level": 1,
      "xp": 0,
      "xp_for_next_level": 100,
      "ability": 100,
      "reputation": 100
    },
    "imageURL": "https://cdn.discordapp.com/attachments/1107296640529879060/1113824931386511431/kid_yunjin.png"
  },
  {
    "name": "Gahyeon",
    "single": "Dreamcatcher",
    "group": "kid",
    "category": "shop",
    "description": "**Shop** :: kid",
    "emoji": "👧",
    "globalID": "1121",
    "setID": "105",
    "rarity": 105,
    "price": 500,
    "sellPrice": 10,
    "stats": {
      "level": 1,
      "xp": 0,
      "xp_for_next_level": 100,
      "ability": 100,
      "reputation": 100
    },
    "imageURL": "https://cdn.discordapp.com/attachments/1107296640529879060/1113825157702758400/kid_gahyeon.png"
  },
  {
    "name": "Hanbin",
    "single": "ZB1",
    "group": "kid",
    "category": "shop",
    "description": "**Shop** :: kid",
    "emoji": "👦",
    "globalID": "1122",
    "setID": "105",
    "rarity": 105,
    "price": 500,
    "sellPrice": 10,
    "stats": {
      "level": 1,
      "xp": 0,
      "xp_for_next_level": 100,
      "ability": 100,
      "reputation": 100
    },
    "imageURL": "https://cdn.discordapp.com/attachments/1107296640529879060/1113825157987979294/kid_hanbin.png"
  },
  {
    "name": "Heeseung",
    "single": "ENHYPEN",
    "group": "kid",
    "category": "shop",
    "description": "**Shop** :: kid",
    "emoji": "👦",
    "globalID": "1123",
    "setID": "105",
    "rarity": 105,
    "price": 500,
    "sellPrice": 10,
    "stats": {
      "level": 1,
      "xp": 0,
      "xp_for_next_level": 100,
      "ability": 100,
      "reputation": 100
    },
    "imageURL": "https://cdn.discordapp.com/attachments/1107296640529879060/1113825158310936666/kid_heeseung.png"
  },
  {
    "name": "Shuhua",
    "single": "GIDLE",
    "group": "kid",
    "category": "shop",
    "description": "**Shop** :: kid",
    "emoji": "👧",
    "globalID": "1124",
    "setID": "105",
    "rarity": 105,
    "price": 500,
    "sellPrice": 10,
    "stats": {
      "level": 1,
      "xp": 0,
      "xp_for_next_level": 100,
      "ability": 100,
      "reputation": 100
    },
    "imageURL": "https://cdn.discordapp.com/attachments/1107296640529879060/1113825158705205309/kid_shuhua.png"
  },
  {
    "name": "The8",
    "single": "SEVENTEEN",
    "group": "kid",
    "category": "shop",
    "description": "**Shop** :: kid",
    "emoji": "👦",
    "globalID": "1125",
    "setID": "105",
    "rarity": 105,
    "price": 500,
    "sellPrice": 10,
    "stats": {
      "level": 1,
      "xp": 0,
      "xp_for_next_level": 100,
      "ability": 100,
      "reputation": 100
    },
    "imageURL": "https://cdn.discordapp.com/attachments/1107296640529879060/1113825159002996797/kid_the8.png"
  },
  {
    "name": "Danielle",
    "single": "NewJeans",
    "group": "kid",
    "category": "shop",
    "description": "**Shop** :: kid",
    "emoji": "👧",
    "globalID": "1126",
    "setID": "105",
    "rarity": 105,
    "price": 500,
    "sellPrice": 10,
    "stats": {
      "level": 1,
      "xp": 0,
      "xp_for_next_level": 100,
      "ability": 100,
      "reputation": 100
    },
    "imageURL": "https://cdn.discordapp.com/attachments/1107296640529879060/1114024268284567692/kid_danielle.png"
  },
  {
    "name": "Doyoung",
    "single": "NCT",
    "group": "kid",
    "category": "shop",
    "description": "**Shop** :: kid",
    "emoji": "👦",
    "globalID": "1127",
    "setID": "105",
    "rarity": 105,
    "price": 500,
    "sellPrice": 10,
    "stats": {
      "level": 1,
      "xp": 0,
      "xp_for_next_level": 100,
      "ability": 100,
      "reputation": 100
    },
    "imageURL": "https://cdn.discordapp.com/attachments/1107296640529879060/1113825057752494201/kid_doyoung.png"
  },
  {
    "name": "Haechan",
    "single": "NCT",
    "group": "kid",
    "category": "shop",
    "description": "**Shop** :: kid",
    "emoji": "👦",
    "globalID": "1128",
    "setID": "105",
    "rarity": 105,
    "price": 500,
    "sellPrice": 10,
    "stats": {
      "level": 1,
      "xp": 0,
      "xp_for_next_level": 100,
      "ability": 100,
      "reputation": 100
    },
    "imageURL": "https://cdn.discordapp.com/attachments/1107296640529879060/1113825058100609094/kid_haechan.png"
  },
  {
    "name": "Hayoung",
    "single": "fromis_9",
    "group": "kid",
    "category": "shop",
    "description": "**Shop** :: kid",
    "emoji": "👧",
    "globalID": "1129",
    "setID": "105",
    "rarity": 105,
    "price": 500,
    "sellPrice": 10,
    "stats": {
      "level": 1,
      "xp": 0,
      "xp_for_next_level": 100,
      "ability": 100,
      "reputation": 100
    },
    "imageURL": "https://cdn.discordapp.com/attachments/1107296640529879060/1113825058373251092/kid_hayoung.png"
  },
  {
    "name": "Jeongyeon",
    "single": "TWICE",
    "group": "kid",
    "category": "shop",
    "description": "**Shop** :: kid",
    "emoji": "👧",
    "globalID": "1130",
    "setID": "105",
    "rarity": 105,
    "price": 500,
    "sellPrice": 10,
    "stats": {
      "level": 1,
      "xp": 0,
      "xp_for_next_level": 100,
      "ability": 100,
      "reputation": 100
    },
    "imageURL": "https://cdn.discordapp.com/attachments/1107296640529879060/1113825058683617300/kid_jeongyeon.png"
  },
  {
    "name": "Baekhyun",
    "single": "EXO",
    "group": "kid",
    "category": "shop",
    "description": "**Shop** :: kid",
    "emoji": "👦",
    "globalID": "1131",
    "setID": "105",
    "rarity": 105,
    "price": 500,
    "sellPrice": 10,
    "stats": {
      "level": 1,
      "xp": 0,
      "xp_for_next_level": 100,
      "ability": 100,
      "reputation": 100
    },
    "imageURL": "https://cdn.discordapp.com/attachments/1107296640529879060/1113824655665533030/kid_baekhyun.png"
  },
  {
    "name": "BiBi",
    "single": "Solo",
    "group": "kid",
    "category": "shop",
    "description": "**Shop** :: kid",
    "emoji": "👧",
    "globalID": "1132",
    "setID": "105",
    "rarity": 105,
    "price": 500,
    "sellPrice": 10,
    "stats": {
      "level": 1,
      "xp": 0,
      "xp_for_next_level": 100,
      "ability": 100,
      "reputation": 100
    },
    "imageURL": "https://cdn.discordapp.com/attachments/1107296640529879060/1113824656017862676/kid_bibi.png"
  },
  {
    "name": "Hwasa",
    "single": "MAMAMOO",
    "group": "kid",
    "category": "shop",
    "description": "**Shop** :: kid",
    "emoji": "👧",
    "globalID": "1133",
    "setID": "105",
    "rarity": 105,
    "price": 500,
    "sellPrice": 10,
    "stats": {
      "level": 1,
      "xp": 0,
      "xp_for_next_level": 100,
      "ability": 100,
      "reputation": 100
    },
    "imageURL": "https://cdn.discordapp.com/attachments/1107296640529879060/1113824656433086534/kid_hwasa.png"
  },
  {
    "name": "Rosé",
    "single": "BLACKPINK",
    "group": "kid",
    "category": "shop",
    "description": "**Shop** :: kid",
    "emoji": "👧",
    "globalID": "1134",
    "setID": "105",
    "rarity": 105,
    "price": 500,
    "sellPrice": 10,
    "stats": {
      "level": 1,
      "xp": 0,
      "xp_for_next_level": 100,
      "ability": 100,
      "reputation": 100
    },
    "imageURL": "https://cdn.discordapp.com/attachments/1107296640529879060/1113824656768634940/kid_rose.png"
  },
  {
    "name": "Yuta",
    "single": "NCT",
    "group": "kid",
    "category": "shop",
    "description": "**Shop** :: kid",
    "emoji": "👦",
    "globalID": "1135",
    "setID": "105",
    "rarity": 105,
    "price": 500,
    "sellPrice": 10,
    "stats": {
      "level": 1,
      "xp": 0,
      "xp_for_next_level": 100,
      "ability": 100,
      "reputation": 100
    },
    "imageURL": "https://cdn.discordapp.com/attachments/1107296640529879060/1113824657108381757/kid_yuta.png"
  },
  {
    "name": "Chaewon",
    "single": "LE SSERAFIM",
    "group": "kid",
    "category": "shop",
    "description": "**Shop** :: kid",
    "emoji": "👧",
    "globalID": "1136",
    "setID": "105",
    "rarity": 105,
    "price": 500,
    "sellPrice": 10,
    "stats": {
      "level": 1,
      "xp": 0,
      "xp_for_next_level": 100,
      "ability": 100,
      "reputation": 100
    },
    "imageURL": "https://cdn.discordapp.com/attachments/1107296640529879060/1113824999090954260/kid_chaewon.png"
  },
  {
    "name": "Olivia Hye",
    "single": "LOONA",
    "group": "kid",
    "category": "shop",
    "description": "**Shop** :: kid",
    "emoji": "👧",
    "globalID": "1137",
    "setID": "105",
    "rarity": 105,
    "price": 500,
    "sellPrice": 10,
    "stats": {
      "level": 1,
      "xp": 0,
      "xp_for_next_level": 100,
      "ability": 100,
      "reputation": 100
    },
    "imageURL": "https://cdn.discordapp.com/attachments/1107296640529879060/1113824999384547488/kid_olivia.png"
  },
  {
    "name": "San",
    "single": "ATEEZ",
    "group": "kid",
    "category": "shop",
    "description": "**Shop** :: kid",
    "emoji": "👦",
    "globalID": "1138",
    "setID": "105",
    "rarity": 105,
    "price": 500,
    "sellPrice": 10,
    "stats": {
      "level": 1,
      "xp": 0,
      "xp_for_next_level": 100,
      "ability": 100,
      "reputation": 100
    },
    "imageURL": "https://cdn.discordapp.com/attachments/1107296640529879060/1113824999686545438/kid_san.png"
  },
  {
    "name": "Tsuki",
    "single": "billlie",
    "group": "kid",
    "category": "shop",
    "description": "**Shop** :: kid",
    "emoji": "👧",
    "globalID": "1139",
    "setID": "105",
    "rarity": 105,
    "price": 500,
    "sellPrice": 10,
    "stats": {
      "level": 1,
      "xp": 0,
      "xp_for_next_level": 100,
      "ability": 100,
      "reputation": 100
    },
    "imageURL": "https://cdn.discordapp.com/attachments/1107296640529879060/1113824999980138606/kid_tsuki.png"
  },
  {
    "name": "Wendy",
    "single": "Red Velvet",
    "group": "kid",
    "category": "shop",
    "description": "**Shop** :: kid",
    "emoji": "👧",
    "globalID": "1140",
    "setID": "105",
    "rarity": 105,
    "price": 500,
    "sellPrice": 10,
    "stats": {
      "level": 1,
      "xp": 0,
      "xp_for_next_level": 100,
      "ability": 100,
      "reputation": 100
    },
    "imageURL": "https://cdn.discordapp.com/attachments/1107296640529879060/1113825000303108197/kid_wendy.png"
  },
  {
    "name": "Baekhyun",
    "group": "GOLD",
    "single": "EXO",
    "category": "gold",
    "description": "**Shop** :: GOLD",
    "emoji": "⚜️",
    "globalID": "2471",
    "setID": "151",
    "rarity": 151,
    "price": 500,
    "sellPrice": 10,
    "stats": {
      "level": 1,
      "xp": 0,
      "xp_for_next_level": 100,
      "ability": 100,
      "reputation": 100
    },
    "imageURL": "https://cdn.discordapp.com/attachments/1107296640529879060/1128988586239348766/gold_baekhyun.gif"
  },
  {
    "name": "Jungkook",
    "group": "GOLD",
    "single": "BTS",
    "category": "gold",
    "description": "**Shop** :: GOLD",
    "emoji": "⚜️",
    "globalID": "2472",
    "setID": "151",
    "rarity": 151,
    "price": 500,
    "sellPrice": 10,
    "stats": {
      "level": 1,
      "xp": 0,
      "xp_for_next_level": 100,
      "ability": 100,
      "reputation": 100
    },
    "imageURL": "https://cdn.discordapp.com/attachments/1107296640529879060/1128988586692329542/gold_jungkook.gif"
  },
  {
    "name": "Sakura",
    "group": "GOLD",
    "single": "LE SSERAFIM",
    "category": "gold",
    "description": "**Shop** :: GOLD",
    "emoji": "⚜️",
    "globalID": "2473",
    "setID": "151",
    "rarity": 151,
    "price": 500,
    "sellPrice": 10,
    "stats": {
      "level": 1,
      "xp": 0,
      "xp_for_next_level": 100,
      "ability": 100,
      "reputation": 100
    },
    "imageURL": "https://cdn.discordapp.com/attachments/1107296640529879060/1128988587099160586/gold_sakura.gif"
  },
  {
    "name": "Soyeon",
    "group": "GOLD",
    "single": "GIDLE",
    "category": "gold",
    "description": "**Shop** :: GOLD",
    "emoji": "⚜️",
    "globalID": "2474",
    "setID": "151",
    "rarity": 151,
    "price": 500,
    "sellPrice": 10,
    "stats": {
      "level": 1,
      "xp": 0,
      "xp_for_next_level": 100,
      "ability": 100,
      "reputation": 100
    },
    "imageURL": "https://cdn.discordapp.com/attachments/1107296640529879060/1128988587627663390/gold_soyeon.gif"
  },
  {
    "name": "Wendy",
    "group": "GOLD",
    "single": "Red Velvet",
    "category": "gold",
    "description": "**Shop** :: GOLD",
    "emoji": "⚜️",
    "globalID": "2475",
    "setID": "151",
    "rarity": 151,
    "price": 500,
    "sellPrice": 10,
    "stats": {
      "level": 1,
      "xp": 0,
      "xp_for_next_level": 100,
      "ability": 100,
      "reputation": 100
    },
    "imageURL": "https://cdn.discordapp.com/attachments/1107296640529879060/1139994620252667985/gold_wendy.gif"
  },
  {
    "name": "Danielle",
    "group": "GOLD",
    "single": "NewJeans",
    "category": "gold",
    "description": "**Shop** :: GOLD",
    "emoji": "⚜️",
    "globalID": "1321",
    "setID": "151",
    "rarity": 151,
    "price": 500,
    "sellPrice": 10,
    "stats": {
      "level": 1,
      "xp": 0,
      "xp_for_next_level": 100,
      "ability": 100,
      "reputation": 100
    },
    "imageURL": "https://cdn.discordapp.com/attachments/1107296640529879060/1139994618172284999/gold_danielle.gif"
  },
  {
    "name": "Felix",
    "group": "GOLD",
    "single": "Stray Kids",
    "category": "gold",
    "description": "**Shop** :: GOLD",
    "emoji": "⚜️",
    "globalID": "1322",
    "setID": "151",
    "rarity": 151,
    "price": 500,
    "sellPrice": 10,
    "stats": {
      "level": 1,
      "xp": 0,
      "xp_for_next_level": 100,
      "ability": 100,
      "reputation": 100
    },
    "imageURL": "https://cdn.discordapp.com/attachments/1107296640529879060/1139994618650427513/gold_felix.gif"
  },
  {
    "name": "Go Won",
    "group": "GOLD",
    "single": "Loossemble",
    "category": "gold",
    "description": "**Shop** :: GOLD",
    "emoji": "⚜️",
    "globalID": "1323",
    "setID": "151",
    "rarity": 151,
    "price": 500,
    "sellPrice": 10,
    "stats": {
      "level": 1,
      "xp": 0,
      "xp_for_next_level": 100,
      "ability": 100,
      "reputation": 100
    },
    "imageURL": "https://cdn.discordapp.com/attachments/1107296640529879060/1139994619107614720/gold_gowon.gif"
  },
  {
    "name": "Mark",
    "group": "GOLD",
    "single": "NCT",
    "category": "gold",
    "description": "**Shop** :: GOLD",
    "emoji": "⚜️",
    "globalID": "1324",
    "setID": "151",
    "rarity": 151,
    "price": 500,
    "sellPrice": 10,
    "stats": {
      "level": 1,
      "xp": 0,
      "xp_for_next_level": 100,
      "ability": 100,
      "reputation": 100
    },
    "imageURL": "https://cdn.discordapp.com/attachments/1107296640529879060/1139994619711586365/gold_mark.gif"
  },
  {
    "name": "Wonbin",
    "group": "GOLD",
    "single": "RIIZE",
    "category": "gold",
    "description": "**Shop** :: GOLD",
    "emoji": "⚜️",
    "globalID": "1325",
    "setID": "151",
    "rarity": 151,
    "price": 500,
    "sellPrice": 10,
    "stats": {
      "level": 1,
      "xp": 0,
      "xp_for_next_level": 100,
      "ability": 100,
      "reputation": 100
    },
    "imageURL": "https://cdn.discordapp.com/attachments/1107296640529879060/1139994620755976333/gold_wonbin.gif"
  },
  {
    "name": "Jihoon & Max",
    "group": "Pets",
    "single": "Solo",
    "category": "pets",
    "description": "**Shop** :: Pets",
    "emoji": "🐕",
    "globalID": "1326",
    "setID": "106",
    "rarity": 106,
    "price": 500,
    "sellPrice": 10,
    "stats": {
      "level": 1,
      "xp": 0,
      "xp_for_next_level": 100,
      "ability": 100,
      "reputation": 100
    },
    "imageURL": "https://cdn.discordapp.com/attachments/1107296640529879060/1140346888718127315/pets_jm.png"
  },
  {
    "name": "Momo, Boo & Dobby",
    "group": "Pets",
    "single": "TWICE",
    "category": "pets",
    "description": "**Shop** :: Pets",
    "emoji": "🐕",
    "globalID": "1327",
    "setID": "106",
    "rarity": 106,
    "price": 500,
    "sellPrice": 10,
    "stats": {
      "level": 1,
      "xp": 0,
      "xp_for_next_level": 100,
      "ability": 100,
      "reputation": 100
    },
    "imageURL": "https://cdn.discordapp.com/attachments/1107296640529879060/1140346940370993212/pets_mdb.png"
  },
  {
    "name": "Ten, Louis & Leon",
    "group": "Pets",
    "single": "NCT",
    "category": "pets",
    "description": "**Shop** :: Pets",
    "emoji": "🐕",
    "globalID": "1328",
    "setID": "106",
    "rarity": 106,
    "price": 500,
    "sellPrice": 10,
    "stats": {
      "level": 1,
      "xp": 0,
      "xp_for_next_level": 100,
      "ability": 100,
      "reputation": 100
    },
    "imageURL": "https://cdn.discordapp.com/attachments/1107296640529879060/1140346941801234432/pets_tll.png"
  },
  {
    "name": "V & Yeontan",
    "group": "Pets",
    "single": "BTS",
    "category": "pets",
    "description": "**Shop** :: Pets",
    "emoji": "🐕",
    "globalID": "1329",
    "setID": "106",
    "rarity": 106,
    "price": 500,
    "sellPrice": 10,
    "stats": {
      "level": 1,
      "xp": 0,
      "xp_for_next_level": 100,
      "ability": 100,
      "reputation": 100
    },
    "imageURL": "https://cdn.discordapp.com/attachments/1107296640529879060/1140346942405226566/pets_vy.png"
  },
  {
    "name": "Yoohyeon & Pie",
    "group": "Pets",
    "single": "Dreamcatcher",
    "category": "pets",
    "description": "**Shop** :: Pets",
    "emoji": "🐕",
    "globalID": "1330",
    "setID": "106",
    "rarity": 106,
    "price": 500,
    "sellPrice": 10,
    "stats": {
      "level": 1,
      "xp": 0,
      "xp_for_next_level": 100,
      "ability": 100,
      "reputation": 100
    },
    "imageURL": "https://cdn.discordapp.com/attachments/1107296640529879060/1140346942665261107/pets_yp.png"
  },
  {
    "name": "AleXa & Mola",
    "group": "Pets",
    "single": "Solo",
    "category": "pets",
    "description": "**Shop** :: Pets",
    "emoji": "🐸",
    "globalID": "1331",
    "setID": "106",
    "rarity": 106,
    "price": 500,
    "sellPrice": 10,
    "stats": {
      "level": 1,
      "xp": 0,
      "xp_for_next_level": 100,
      "ability": 100,
      "reputation": 100
    },
    "imageURL": "https://cdn.discordapp.com/attachments/1107296640529879060/1140346885962469556/pets_am.png"
  },
  {
    "name": "Chenle & Daegal",
    "group": "Pets",
    "single": "NCT",
    "category": "pets",
    "description": "**Shop** :: Pets",
    "emoji": "🐸",
    "globalID": "1332",
    "setID": "106",
    "rarity": 106,
    "price": 500,
    "sellPrice": 10,
    "stats": {
      "level": 1,
      "xp": 0,
      "xp_for_next_level": 100,
      "ability": 100,
      "reputation": 100
    },
    "imageURL": "https://cdn.discordapp.com/attachments/1107296640529879060/1140346886339965060/pets_cd.png"
  },
  {
    "name": "Giselle & Cooper",
    "group": "Pets",
    "single": "aespa",
    "category": "pets",
    "description": "**Shop** :: Pets",
    "emoji": "🐸",
    "globalID": "1333",
    "setID": "106",
    "rarity": 106,
    "price": 500,
    "sellPrice": 10,
    "stats": {
      "level": 1,
      "xp": 0,
      "xp_for_next_level": 100,
      "ability": 100,
      "reputation": 100
    },
    "imageURL": "https://cdn.discordapp.com/attachments/1107296640529879060/1140346886667124917/pets_gc.png"
  },
  {
    "name": "Hyunjin & Paldo",
    "group": "Pets",
    "single": "Loossemble",
    "category": "pets",
    "description": "**Shop** :: Pets",
    "emoji": "🐸",
    "globalID": "1334",
    "setID": "106",
    "rarity": 106,
    "price": 500,
    "sellPrice": 10,
    "stats": {
      "level": 1,
      "xp": 0,
      "xp_for_next_level": 100,
      "ability": 100,
      "reputation": 100
    },
    "imageURL": "https://cdn.discordapp.com/attachments/1107296640529879060/1140346887409512489/pets_hp.png"
  },
  {
    "name": "Junho & Johnny",
    "group": "Pets",
    "single": "2PM",
    "category": "pets",
    "description": "**Shop** :: Pets",
    "emoji": "🐸",
    "globalID": "1335",
    "setID": "106",
    "rarity": 106,
    "price": 500,
    "sellPrice": 10,
    "stats": {
      "level": 1,
      "xp": 0,
      "xp_for_next_level": 100,
      "ability": 100,
      "reputation": 100
    },
    "imageURL": "https://cdn.discordapp.com/attachments/1107296640529879060/1140346888051232868/pets_jj.png"
  },
  {
    "name": "Haseul & Latte",
    "group": "Pets",
    "single": "ARTMS",
    "category": "pets",
    "description": "**Shop** :: Pets",
    "emoji": "🐦",
    "globalID": "1336",
    "setID": "106",
    "rarity": 106,
    "price": 500,
    "sellPrice": 10,
    "stats": {
      "level": 1,
      "xp": 0,
      "xp_for_next_level": 100,
      "ability": 100,
      "reputation": 100
    },
    "imageURL": "https://cdn.discordapp.com/attachments/1107296640529879060/1140346887019434114/pets_hl.png"
  },
  {
    "name": "Jessi & Chewie",
    "group": "Pets",
    "single": "Solo",
    "category": "pets",
    "description": "**Shop** :: Pets",
    "emoji": "🐦",
    "globalID": "1337",
    "setID": "106",
    "rarity": 106,
    "price": 500,
    "sellPrice": 10,
    "stats": {
      "level": 1,
      "xp": 0,
      "xp_for_next_level": 100,
      "ability": 100,
      "reputation": 100
    },
    "imageURL": "https://cdn.discordapp.com/attachments/1107296640529879060/1140346887740866680/pets_jc.png"
  },
  {
    "name": "Rosé & Hank",
    "group": "Pets",
    "single": "BLACKPINK",
    "category": "pets",
    "description": "**Shop** :: Pets",
    "emoji": "🐦",
    "globalID": "1338",
    "setID": "106",
    "rarity": 106,
    "price": 500,
    "sellPrice": 10,
    "stats": {
      "level": 1,
      "xp": 0,
      "xp_for_next_level": 100,
      "ability": 100,
      "reputation": 100
    },
    "imageURL": "https://cdn.discordapp.com/attachments/1107296640529879060/1140346940916236308/pets_rh.png"
  },
  {
    "name": "Soobin & Odi",
    "group": "Pets",
    "single": "TXT",
    "category": "pets",
    "description": "**Shop** :: Pets",
    "emoji": "🐦",
    "globalID": "1339",
    "setID": "106",
    "rarity": 106,
    "price": 500,
    "sellPrice": 10,
    "stats": {
      "level": 1,
      "xp": 0,
      "xp_for_next_level": 100,
      "ability": 100,
      "reputation": 100
    },
    "imageURL": "https://cdn.discordapp.com/attachments/1107296640529879060/1140346941205659759/pets_so.png"
  },
  {
    "name": "Taemin & Kkoong",
    "group": "Pets",
    "single": "SHINee",
    "category": "pets",
    "description": "**Shop** :: Pets",
    "emoji": "🐦",
    "globalID": "1340",
    "setID": "106",
    "rarity": 106,
    "price": 500,
    "sellPrice": 10,
    "stats": {
      "level": 1,
      "xp": 0,
      "xp_for_next_level": 100,
      "ability": 100,
      "reputation": 100
    },
    "imageURL": "https://cdn.discordapp.com/attachments/1107296640529879060/1140351344641855549/pets_tk.png"
  },
  {
    "name": "Jake & Layla",
    "group": "Pets",
    "single": "ENHYPEN",
    "category": "pets",
    "description": "**Shop** :: Pets",
    "emoji": "🐈‍⬛",
    "globalID": "1341",
    "setID": "106",
    "rarity": 106,
    "price": 500,
    "sellPrice": 10,
    "stats": {
      "level": 1,
      "xp": 0,
      "xp_for_next_level": 100,
      "ability": 100,
      "reputation": 100
    },
    "imageURL": "https://cdn.discordapp.com/attachments/1107296640529879060/1140346888386785451/pets_jl.png"
  },
  {
    "name": "Lia & Bella",
    "group": "Pets",
    "single": "ITZY",
    "category": "pets",
    "description": "**Shop** :: Pets",
    "emoji": "🐈‍⬛",
    "globalID": "1342",
    "setID": "106",
    "rarity": 106,
    "price": 500,
    "sellPrice": 10,
    "stats": {
      "level": 1,
      "xp": 0,
      "xp_for_next_level": 100,
      "ability": 100,
      "reputation": 100
    },
    "imageURL": "https://cdn.discordapp.com/attachments/1107296640529879060/1140346889036902450/pets_lb.png"
  },
  {
    "name": "Moonbin & Roa",
    "group": "Pets",
    "single": "ASTRO",
    "category": "pets",
    "description": "**Shop** :: Pets",
    "emoji": "🐈‍⬛",
    "globalID": "1343",
    "setID": "106",
    "rarity": 106,
    "price": 500,
    "sellPrice": 10,
    "stats": {
      "level": 1,
      "xp": 0,
      "xp_for_next_level": 100,
      "ability": 100,
      "reputation": 100
    },
    "imageURL": "https://cdn.discordapp.com/attachments/1107296640529879060/1140346940647813310/pets_mr.png"
  },
  {
    "name": "Sehun & Vivi",
    "group": "Pets",
    "single": "EXO",
    "category": "pets",
    "description": "**Shop** :: Pets",
    "emoji": "🐈‍⬛",
    "globalID": "1344",
    "setID": "106",
    "rarity": 106,
    "price": 500,
    "sellPrice": 10,
    "stats": {
      "level": 1,
      "xp": 0,
      "xp_for_next_level": 100,
      "ability": 100,
      "reputation": 100
    },
    "imageURL": "https://cdn.discordapp.com/attachments/1107296640529879060/1140346941486674022/pets_sv.png"
  },
  {
    "name": "Taeyeon & Zero",
    "group": "Pets",
    "single": "Girls' Generation",
    "category": "pets",
    "description": "**Shop** :: Pets",
    "emoji": "🐈‍⬛",
    "globalID": "1345",
    "setID": "106",
    "rarity": 106,
    "price": 500,
    "sellPrice": 10,
    "stats": {
      "level": 1,
      "xp": 0,
      "xp_for_next_level": 100,
      "ability": 100,
      "reputation": 100
    },
    "imageURL": "https://cdn.discordapp.com/attachments/1107296640529879060/1140346942061297704/pets_tz.png"
  },
  {
    "name": "Dami",
    "group": "GOLD",
    "single": "Dreamcatcher",
    "category": "gold",
    "description": "**Shop** :: GOLD",
    "emoji": "⚜️",
    "globalID": "1384",
    "setID": "151",
    "rarity": 151,
    "price": 500,
    "sellPrice": 10,
    "stats": {
      "level": 1,
      "xp": 0,
      "xp_for_next_level": 100,
      "ability": 100,
      "reputation": 100
    },
    "imageURL": "https://cdn.discordapp.com/attachments/1107296640529879060/1145373776909967460/gold_dami.gif"
  },
  {
    "name": "Hyungwon",
    "group": "GOLD",
    "single": "MONSTA X",
    "category": "gold",
    "description": "**Shop** :: GOLD",
    "emoji": "⚜️",
    "globalID": "1385",
    "setID": "151",
    "rarity": 151,
    "price": 500,
    "sellPrice": 10,
    "stats": {
      "level": 1,
      "xp": 0,
      "xp_for_next_level": 100,
      "ability": 100,
      "reputation": 100
    },
    "imageURL": "https://cdn.discordapp.com/attachments/1107296640529879060/1145373777346179173/gold_hyungwon.gif"
  },
  {
    "name": "Irene",
    "group": "GOLD",
    "single": "Red Velvet",
    "category": "gold",
    "description": "**Shop** :: GOLD",
    "emoji": "⚜️",
    "globalID": "1386",
    "setID": "151",
    "rarity": 151,
    "price": 500,
    "sellPrice": 10,
    "stats": {
      "level": 1,
      "xp": 0,
      "xp_for_next_level": 100,
      "ability": 100,
      "reputation": 100
    },
    "imageURL": "https://cdn.discordapp.com/attachments/1107296640529879060/1145373778138906715/gold_irene.gif"
  },
  {
    "name": "Jihyo",
    "group": "GOLD",
    "single": "TWICE",
    "category": "gold",
    "description": "**Shop** :: GOLD",
    "emoji": "⚜️",
    "globalID": "1387",
    "setID": "151",
    "rarity": 151,
    "price": 500,
    "sellPrice": 10,
    "stats": {
      "level": 1,
      "xp": 0,
      "xp_for_next_level": 100,
      "ability": 100,
      "reputation": 100
    },
    "imageURL": "https://cdn.discordapp.com/attachments/1107296640529879060/1145373778944204860/gold_jihyo.gif"
  },
  {
    "name": "Kai",
    "group": "GOLD",
    "single": "EXO",
    "category": "gold",
    "description": "**Shop** :: GOLD",
    "emoji": "⚜️",
    "globalID": "1388",
    "setID": "151",
    "rarity": 151,
    "price": 500,
    "sellPrice": 10,
    "stats": {
      "level": 1,
      "xp": 0,
      "xp_for_next_level": 100,
      "ability": 100,
      "reputation": 100
    },
    "imageURL": "https://cdn.discordapp.com/attachments/1107296640529879060/1145373779464302753/gold_kai.gif"
  },
  {
    "name": "Ningning",
    "group": "GOLD",
    "single": "aespa",
    "category": "gold",
    "description": "**Shop** :: GOLD",
    "emoji": "⚜️",
    "globalID": "1389",
    "setID": "151",
    "rarity": 151,
    "price": 500,
    "sellPrice": 10,
    "stats": {
      "level": 1,
      "xp": 0,
      "xp_for_next_level": 100,
      "ability": 100,
      "reputation": 100
    },
    "imageURL": "https://cdn.discordapp.com/attachments/1107296640529879060/1145373779917291700/gold_ningning.gif"
  },
  {
    "name": "Sangyeon",
    "group": "GOLD",
    "single": "THE BOYZ",
    "category": "gold",
    "description": "**Shop** :: GOLD",
    "emoji": "⚜️",
    "globalID": "1390",
    "setID": "151",
    "rarity": 151,
    "price": 500,
    "sellPrice": 10,
    "stats": {
      "level": 1,
      "xp": 0,
      "xp_for_next_level": 100,
      "ability": 100,
      "reputation": 100
    },
    "imageURL": "https://cdn.discordapp.com/attachments/1107296640529879060/1145373780454158417/gold_sangyeon.gif"
  },
  {
    "name": "V",
    "group": "GOLD",
    "single": "BTS",
    "category": "gold",
    "description": "**Shop** :: GOLD",
    "emoji": "⚜️",
    "globalID": "1391",
    "setID": "151",
    "rarity": 151,
    "price": 500,
    "sellPrice": 10,
    "stats": {
      "level": 1,
      "xp": 0,
      "xp_for_next_level": 100,
      "ability": 100,
      "reputation": 100
    },
    "imageURL": "https://cdn.discordapp.com/attachments/1107296640529879060/1145373781011988480/gold_v.gif"
  },
  {
    "name": "Yangyang",
    "group": "GOLD",
    "single": "NCT",
    "category": "gold",
    "description": "**Shop** :: GOLD",
    "emoji": "⚜️",
    "globalID": "1392",
    "setID": "151",
    "rarity": 151,
    "price": 500,
    "sellPrice": 10,
    "stats": {
      "level": 1,
      "xp": 0,
      "xp_for_next_level": 100,
      "ability": 100,
      "reputation": 100
    },
    "imageURL": "https://cdn.discordapp.com/attachments/1107296640529879060/1145373781582422047/gold_yangyang.gif"
  },
  {
    "name": "Yves",
    "group": "GOLD",
    "single": "Solo",
    "category": "gold",
    "description": "**Shop** :: GOLD",
    "emoji": "⚜️",
    "globalID": "1393",
    "setID": "151",
    "rarity": 151,
    "price": 500,
    "sellPrice": 10,
    "stats": {
      "level": 1,
      "xp": 0,
      "xp_for_next_level": 100,
      "ability": 100,
      "reputation": 100
    },
    "imageURL": "https://cdn.discordapp.com/attachments/1107296640529879060/1145373782236741762/gold_yves.gif"
  }
]